temp,humidity,light
32.72377810516104,67.55859654480402,262.99037164049406
23.669465972950604,56.02040746348925,155.65703648798242
28.657376649481094,64.02341816841505,442.23174519344434
27.79857243945041,43.08275541163737,328.80891103986056
28.15443807001996,48.87217820984462,420.1447688168244
32.098966386212425,53.61361742435075,402.8502104842685
27.415848644024496,49.40953156978229,459.5131023923166
29.143888890290953,74.64145215976842,214.1351527792497
22.079819051389208,51.84390989026141,296.09451183295045
32.299534936836984,62.56161646620491,409.48982930212964
33.25460257045273,73.00447023931814,223.74585301596076
23.305795403036257,66.99198334892793,416.1871049548189
31.178586739093788,50.65902360841193,271.54872046009564
22.958907603898346,60.854060986931735,387.1915734232782
28.152855809051125,77.24943324842482,354.22637072453546
21.176803296390673,72.75480119605422,172.49769163488207
23.087023517503344,61.2063588686975,120.41195841083545
22.48241978298372,51.150830625545446,303.0454799195221
26.319008213221096,67.31975705349322,418.1526442775794
27.67060262032242,78.7987632695506,151.93573065670708
27.67565626491111,43.55178333109683,296.8163864303739
34.11698569301763,41.680266869561365,348.71695996676044
32.283909102076585,58.90787184305728,127.21294109469059
20.105732450185823,41.08108838211507,280.71261810697155
21.79102431198469,43.33963635461703,118.07761846367653
28.784956232375194,70.40542494522916,358.93244842675193
29.52143574406755,73.92626646635422,375.2350026454137
25.179467525684714,50.41784455612565,374.9033019684787
25.015522166994256,77.01102352049435,353.7245015842207
32.52202079270664,44.18811608751214,166.75358542086744
22.887188641027887,66.29149394236852,156.38595529242343
28.585402297642098,76.5599906012366,389.25314986222327
25.658541835954523,75.9235815164017,342.3577419870706
32.090995803648816,64.28452499374924,216.53643017729803
28.95762807712337,72.73288937063832,152.29119499280785
20.697452398997108,61.263005964219445,307.80243782241075
28.712474075736296,67.46288344584507,187.54965710773175
20.083236932120673,46.96829703701063,124.44592335068046
31.238399029151005,45.95311795070119,315.9449047632168
32.182787373849514,49.21913534123372,493.5336051401538
30.345657402879194,63.150593269792935,416.9503426045151
25.01816278505782,67.81440710507509,153.8328567689058
34.18148182778053,77.75773065707386,315.1043425680735
25.076154905265593,42.871793741791194,154.96783702789415
29.934746808433985,50.26818549385145,195.28649174051966
25.73619753432146,77.21563341341471,333.6982256518186
33.69466034073607,44.13292817658511,326.20472338419466
26.519245672376744,45.71326327520963,207.69980147586412
27.68088586290533,63.99650261256321,386.63266780984935
23.11886811325219,43.51009633354808,196.50313409443828
23.42179572932122,77.59638968788695,175.72462019797027
34.96976175283589,46.534079242923156,150.59744818155508
25.752571151028658,43.60307410639131,386.977654092512
32.69845357121268,52.53568989577729,483.454134174704
31.157408228859754,48.82639688047574,381.69539472085864
20.753896843880533,41.60412675066402,260.01834974481943
31.745974071017724,69.70164380959358,401.6393881262908
23.05395251112918,67.33565361039918,497.4711641032665
21.972576871448478,60.48706145682738,295.0141042007785
24.10741986425738,76.36131389933259,417.42190572660496
22.0404215780567,74.10947222346027,202.29023239433772
33.22095211739315,40.77076139730583,334.7228285889028
27.287368657642396,58.404577274985655,203.92826882948637
25.037252124486077,45.527131550976215,497.2546318733278
26.922193028625955,67.44440801851844,149.3964326026568
27.464122909507694,73.23578871263885,321.60268715333575
32.76542876575415,62.23045978767629,291.9579852221299
28.883740871564765,78.11924931201717,137.73870731072537
26.68137475315413,67.21126167886483,294.8021312514331
28.403556127105183,53.33656334045854,223.28499224003852
25.98124942586507,68.76088036549632,482.81813392255486
31.685619471311036,57.054472480425225,184.48356426318844
25.488123872480553,78.58269766235125,100.25043800135234
33.381293671097126,47.58182503136924,271.50475411786704
23.60086472438146,53.570482965049784,232.90371408995614
34.23195662134241,71.87382035264358,128.58601735635617
33.06085425241409,71.867266578931,133.23955011247955
33.674477466337684,53.44147287143574,366.50736846826476
34.88820711504225,76.85137002676974,124.24788921509027
28.536323419388108,74.0414848931874,432.40052726988444
21.521840526688397,76.82415219561476,144.0625000364695
33.51564085344851,59.313209376592376,260.3405314072753
20.22886426236735,47.10821610229153,113.99159839801958
32.58185130168931,67.28457382643776,303.6648359563092
28.428606763090386,72.5711961248812,120.26825488799133
31.506617379628803,49.26619280911855,151.77941870447646
27.564131527099217,62.47372492232958,407.8651426811065
33.59248530717297,61.234455895768015,322.09968418509135
24.162609292460456,50.4542200901272,487.4548315527625
28.044814889103815,58.00991326448416,316.97161649055835
31.365278138725763,62.0339687980775,454.9814226856971
22.307662063133932,70.67573984085105,200.54812619959827
22.37270721045727,61.139395230588136,489.5366697457987
31.270546142097974,57.32981006790874,159.4960052629941
28.840355288962204,44.93646049737819,365.1378896445454
30.983870581002055,58.8886844810615,136.8942946881906
29.751514926661873,65.29227203408792,102.67015506409965
24.093508841215876,61.85686216551691,208.9287628082338
20.936949895872207,78.52509289956583,368.11654416657933
28.02997810531063,66.3708038852206,437.290184594073
31.22660421370353,43.5415580174914,449.54715384247214
25.03976242636995,40.923565821494364,304.794815745114
24.643071949059568,71.28643175265667,161.37787750338356
26.11040451868339,61.59259078311559,386.6030546755144
29.01993490437029,55.941869072112496,291.39357222943977
28.93282178461962,77.3775433974841,222.0448030205226
23.634132797604032,68.4178504363185,415.4379173093618
33.28856748086461,47.35855851564373,109.81144451486765
31.57551379501988,58.59249048514786,382.2219253788119
32.401049086737856,79.31417597240909,224.9651557391607
22.358294584703902,48.65226318809232,163.2395356353431
34.657658579636234,44.2278059751806,254.0322211571492
33.75539023147778,43.64739858372338,436.11004057201325
21.25542627838061,59.27254765351167,163.4172249789335
20.470514669508624,57.05145384481871,464.48952070657725
34.41485099824026,70.87757735599638,133.93211106435058
21.081645470988594,73.96602008313513,192.12330658636105
33.53249358684473,71.78421142661325,123.50488998307831
30.573580470286934,57.75173754480116,171.3409382875793
24.349506930594117,63.024049337701776,448.517001466435
32.78176665138381,76.64771360352323,153.6669839275028
34.53719747414268,78.80692403155382,267.94685320222004
29.57768684627395,44.24173543159423,320.91964442531946
34.90180809208801,46.104646536618745,158.93199586006207
26.6293507944253,66.17405278251891,182.2137327558606
25.31720676442287,63.148707768901374,126.9239770021641
30.850821705110278,44.572744757338654,302.0066708968046
29.52557580547264,53.975130460841896,313.1374412799667
27.055542871327198,73.51638484080073,291.3344676314199
30.0960862110324,77.6971219009752,459.11723616992265
30.60844156104206,71.57296382332717,494.9823833191609
30.74487122196069,45.171604642584605,228.3546331930926
32.32231172277316,72.00176688666777,252.7588947334978
23.934183894163386,64.40690297479281,408.193430379874
21.16637789035787,62.2874587016349,235.1295932195397
25.374729241213846,73.01137537672655,278.76773935904555
22.676011039667458,56.677591740515425,464.38651170174825
29.694932486638084,64.54042060387052,134.06295869984092
26.470143715397025,41.30550993096189,475.9559508688918
26.040463732210046,60.26853108074817,169.82859215251048
32.67022320068424,45.04984495578043,454.2315764323199
21.436233159364164,57.445890717635976,498.56646726568215
21.278828318831362,48.65005926013863,489.96135521486156
31.20885814308738,56.085299492139484,276.2684929221781
32.033102740774055,49.675288439439235,130.06329797480865
28.685591240950824,52.44862484078884,367.9202473660397
21.163804306256875,62.419032588723,233.76287356027325
32.90950734203791,68.66663246438155,400.0312040071508
26.443628121023078,45.30330098926647,202.655371546716
25.33428854290133,79.17244515317273,100.90110781306754
30.36644089611623,77.31165616807739,497.95957970865913
23.457662783898954,73.15143420177468,195.20419488540148
34.984676424324824,75.20360117218522,217.3612537778469
34.037764938432815,61.15930113597852,153.96938514834503
31.221031201421177,71.77191810861946,136.41510539697316
33.024000713684835,71.77881292957392,245.52929763529056
20.851230403281985,49.147307130795284,141.01517443347973
22.180562432376963,55.97123618576617,104.70127424070186
34.99081356710208,68.24900493647057,316.0024578739208
27.56910325618174,42.0485158383717,211.8424767558551
25.382965447784343,50.187504426858474,438.7495051949866
22.65223438766145,41.94728407135922,235.26302260691932
29.095389286408636,42.406855855903174,294.19380488069277
22.865725165791744,52.50511959816639,346.3094644829188
20.187860536103077,78.97713024427459,322.11057140485906
33.372539020257555,60.513487726672686,209.57052212260106
22.314049787926585,75.20266871732798,290.5261916131468
21.322131598006386,61.54973045869336,244.21441548637213
26.8353930404379,58.82513663436997,332.02282952711306
20.452265578963104,62.83222968000638,466.7561763699758
25.963167439048895,55.47073505416759,407.5098183105972
24.096318029474748,53.2624495803529,388.28355591250545
25.007443449690154,74.27856474522119,234.38490975807724
32.35751034376019,70.65317722005722,290.0650220763608
32.87422497869611,40.34916097110028,188.35650099730432
23.664590072650274,58.492659562542656,133.2714371196334
32.73243938565736,59.08780252494982,292.58023684384847
28.34066966229675,62.44658613086472,101.39819084904987
32.038016478225856,42.41790414625339,200.2210906151369
21.859273846784205,48.81285472481354,435.3431008779939
29.736130364841607,68.45059434478469,486.44141313419175
29.761891420534504,72.94685204377296,360.3691338693861
28.929053565754266,68.59620784973814,282.63302454718666
24.235288668921953,50.65557266707055,465.6367076917698
23.069763643824132,54.70352008624611,492.0896801201049
29.429072534321712,70.67466983548617,240.335009423953
31.450879699815328,62.95964245584331,361.33344581166045
34.98111151290216,48.31359552348863,245.7094017344053
22.782538660131742,42.92707942423054,478.8863548684605
23.151359430193555,50.3037482857902,319.12410407172257
22.551875804699215,65.50664707291324,220.74627352070513
34.07682593960886,65.69537982846602,158.9489961964262
30.15107059059086,66.22647479242613,369.2444494060293
20.593862128325267,64.09099010608325,197.66604057866678
34.72949855409746,65.38914821629422,201.66132249857066
31.880888612765425,59.316798082813634,346.0183595962419
31.39547996561649,53.87854356741668,226.9398794273672
25.219506814936146,42.25936037378642,474.559519964146
24.077713065400282,40.37192353064188,290.5148562495245
21.433337644791536,66.72813180641067,215.56721714007296
25.145770120164773,53.06430046280147,180.7202867568185
24.874820895803335,63.32618554924565,139.4416622280375
21.799917759247457,50.072084794747454,483.61609309293266
27.443970618953106,67.69056268107796,232.2864484982049
34.830291480005535,57.22878593416808,198.61060876633073
32.77146122929075,57.48741487161788,155.26268081974175
28.270302089746735,79.05457143198805,440.5216190196487
31.33438597747759,70.37261332359543,427.5673815316569
22.29675024821253,43.89329148380093,275.22857953362495
30.916151423489865,66.5777233298462,398.9251773999208
24.060812941599274,63.598718038986135,262.90802048767404
27.94930461483808,49.20969875079813,130.98818435667005
24.25668872352542,51.07996455130937,189.83435725976508
26.063033966354265,62.76806359639651,189.76548068637277
34.59805629291128,59.434923289037805,460.64302698347586
23.841053007681683,74.25570881448533,380.5155475199062
27.71345104684432,56.234189816408346,248.23474036630512
34.75083468216211,41.85225930291844,472.12621907388314
30.290427002495782,56.06788073964178,201.0004971322809
23.480736182067083,49.572456535959994,355.60214989647136
25.4606287273008,49.259187569286546,287.16943821194707
24.120646251285898,72.68088974495885,316.47002334447933
27.942902693722925,75.41394206426656,421.67164514837674
20.21543165496064,64.96847155289264,159.1727089169898
21.741216506002573,61.46060445960993,192.88117960054453
28.743811197066837,56.23543260164924,361.06820411218007
31.725085513629388,49.150302923956055,232.2988526403466
34.59437046135349,52.286313937068186,498.7739538955951
20.634968727845553,61.46914544881415,166.77856039249508
34.16849541910999,64.84741700815293,260.4464821089372
26.264560907341163,43.85814985120062,336.0724444709269
27.31439020835203,48.918102896117006,456.68456378943915
24.203801587975867,62.48518599322554,378.10520136472144
25.1530034216822,57.95533490140631,149.27642804099173
21.553086424846573,61.63039620693182,366.26177581106873
22.40249545177431,76.81092614393182,168.53838022763412
21.159473805106384,71.87622428828607,399.2586459851368
21.410087933418993,45.083378209754066,417.83708021252494
32.44161449241365,75.90066469015524,413.53874287872554
21.301394935518715,56.69684107198242,332.84221093529874
22.346205510756274,60.616819556916326,114.48638672270404
26.766487973134268,41.87570675190187,481.5187149975565
24.304041740981138,57.65572163955423,202.98764051598428
34.84882717281526,64.96479328350964,347.46026868099517
23.449566787089644,61.846346541443815,407.18475202465095
33.37488944309028,56.15197445478218,413.5669204164565
23.977985541435274,62.70607703371519,438.37915668501665
31.814837777234338,64.9681015054602,118.24492341290545
27.427713846738545,51.5438461284505,305.7638650866758
27.552481194901517,41.4110380738498,451.28673092479045
29.84055146085315,77.15870430845834,351.2504154403408
24.786513691480096,77.43092042249707,486.13224779072596
21.136640750471596,60.79055972446859,169.40196464636895
23.071255855667182,63.91075386648241,141.24762111009318
22.717300660823085,56.954954644305936,239.08259696111003
26.349005111396146,58.538066568322485,329.84166465698206
23.295302661348096,52.8770827051006,356.4600629920216
24.412324353332426,53.30566490949934,393.51966754458283
33.199847799194245,66.8555854716945,464.73962440077
25.438764686323218,54.62247935919106,288.4849715412568
20.69027204087278,51.217930727885815,304.71425374520084
28.966317619957174,66.05751583257492,440.58478517538646
29.482623929831224,51.154738178191316,230.2611081664499
23.52682598255234,52.1281593406231,414.83007341549614
24.085102952111804,73.11791841466905,125.81870663618844
21.40156072332629,67.60505992542484,466.9999940214074
23.91584011020515,75.94033769923949,204.7237675568935
23.28949300203476,77.24428647115282,451.80612539720516
21.692470072628318,77.09829805696027,472.86209704298295
29.4836690986001,58.75964874549156,296.0572403415993
29.056825199822296,40.34722193922314,264.8876221998168
28.90771011956903,58.84460131927255,124.97870835447978
33.8276652151254,76.34038174857724,154.30335058010752
28.52161933514637,56.47775249801899,471.232953673688
27.043744958098845,61.38575491442712,453.75162044313043
20.82499413589637,43.96545878916642,262.7380983274156
24.438246753145705,52.83138954355281,489.8321063049547
32.039067166258995,74.54445774778986,130.8987521107064
27.034606297468045,63.193021548188824,488.91822272214955
20.573007287773088,77.9398738668225,257.2293071601097
20.12736969964217,57.64869043490317,449.3995966517784
21.126787651929998,54.7122989269148,444.6676827589742
30.441879696382667,63.932320953964094,278.5241265325384
34.72928679777898,57.5211543383095,477.30561276458127
25.959165582846307,55.734242481077686,120.90814081367496
24.440061695088257,51.84079199858359,116.0810738963519
33.553124342829335,67.93946391475828,453.82213634084314
24.289312529997133,71.45833786230928,331.8784742897869
21.381299072995308,42.89213455784294,267.8300326872357
26.149006396374386,73.20773327865666,373.2872029579636
34.53420355278397,52.097171096272994,253.93796442664205
26.55990747743577,70.26606792702373,145.7879470431703
33.69547256769886,49.17151366082431,105.81293692477396
31.15018138868127,71.81827292121753,102.86150198358328
26.596029380001067,59.79550813507456,183.7285642230092
24.592613300505715,46.82473619175931,470.4391209203881
24.75266339568977,47.3557250603412,360.2477719050305
32.09421329610805,53.61185259790447,145.4245028384024
27.445296955218218,60.82460773563261,388.6137068466073
26.71362340331945,65.5345367778458,173.17072649685682
27.20935924917245,50.017596497091425,159.31029103459556
28.092588154678477,74.65238559548209,367.6717828219975
33.36258687210928,59.827917052619696,394.7071990527863
23.383523183962417,46.053272188403795,475.2524962603635
31.9353562861093,78.5532725770797,174.03016562898145
20.945606579860055,40.41612505446957,209.26841570978425
33.461596985445176,61.072006472512626,357.31150859231906
21.70372207095512,48.72718174031438,424.15134336218284
32.107373891718964,44.118208701926804,347.23231142498923
27.505182089638275,76.76429576472907,150.08407213297264
20.162541538895766,62.822552705599875,313.8722286791663
20.308663926308466,52.71517965226375,446.9933227081733
23.247614988776814,51.377759423541185,447.2600534200696
34.42946650015436,79.29108827823737,235.24473675010228
33.71389884050995,48.84069777249682,109.2029953336624
22.23804191275424,71.74899829087039,302.7381366310577
26.162750596623514,77.34164095740478,276.5821033414102
31.926565801671916,45.22800173733191,357.4839504002547
27.71060582317871,43.337570834618,127.94648405864363
33.211513447565785,43.119101173784856,427.92464775279797
29.0204726783995,54.03789898739659,152.79539424206686
24.219386382800487,70.05652097053249,359.8569385760166
28.661428099313927,61.55973265522032,246.43515454680812
34.40455676655268,57.0818459068479,101.78053088821311
30.175146468904316,63.17887834835636,210.12796317415945
24.601763209233035,49.24300273684555,490.5421362333412
33.20727020183383,64.49187302636247,306.64017052644977
29.312396380018278,54.48711176165057,170.97651383292464
34.875605763121946,65.91993800423778,175.47262507349924
29.110582100132163,71.46779946212891,408.73603383027546
23.336391647709565,74.84378235953761,407.64262767258106
26.658145869928237,51.057607178308565,136.42780306580585
24.665405526103843,44.905803645581116,146.27395078727176
32.19859640871528,57.459269998535696,446.050150579413
28.553523788976523,40.33835747858071,357.2131965014894
32.04903393270415,49.79226902378794,174.06392629847235
33.5427906387051,68.11487336303254,173.0538925519334
20.56360921036087,64.73411641700741,419.5507236664616
32.51344312937449,68.94044712391627,494.268265710944
25.067004375942233,54.59430435968078,119.05741426467009
29.213392344475885,57.576693210983116,180.52798563672968
24.58080713370572,64.29941956508053,268.79571312404573
21.075649262294796,41.4651616014302,156.36620296741617
33.28858489532914,68.92020883742539,160.66018892779067
25.63560627709508,58.581408889350875,233.56562111846637
34.18310909179732,61.6833207951982,386.9515220633313
32.83858969904789,53.503378096944296,375.109814247684
32.4369155195748,55.56806161001928,492.2502729409037
20.839701477037814,56.19788363607561,267.80654658166713
21.480161883650634,66.9460050671366,344.0425783700881
22.73801179919137,61.197848063549294,321.6977111932767
32.909329039709,62.27282754070876,101.04289364905105
29.291327388803133,71.92944178604118,295.0577860181689
26.98458769475047,76.84019570315148,224.94087219178846
31.888673580158795,40.638123518296325,425.5621668289188
28.880944434187388,40.20149570158893,430.465836091094
24.34764856006905,69.08198809103335,425.1495382488905
26.603753450618125,62.78740604803648,219.52819015519574
32.14841860591138,55.14572095065198,384.69897888380154
21.942075211545024,50.52875909267777,194.90084104109746
34.33701298424509,63.878104751576004,212.1922636306972
20.58553948015486,77.27266021590097,461.5037541411777
23.92040608873002,77.73646405191877,232.6112349050221
23.015406606658676,75.35913092433886,149.04993387903738
23.87372444352336,55.92389991549475,362.5512094953586
28.76769395339015,51.525891989497964,340.32340289469886
31.387773730278255,65.21369065243101,140.35592722580773
24.414103970414978,70.93265502443951,290.33270061595204
30.90006687963066,47.4734010542269,238.39731793696495
21.116167647529345,57.13696071182684,420.53647152349026
31.72078774817927,54.95375170570731,262.5723618793375
22.025858932426146,76.04207884220608,415.86278364239433
29.497319847535202,64.50128335347779,479.03386590566515
24.73262552656285,40.17743621364986,353.9509445020087
23.18310205685564,60.15718130340443,350.7001855578081
22.741758294301643,44.93209983908724,114.72699581681182
27.739253544631467,79.84978793210531,338.69291418067917
22.30504419225557,76.98615738494927,156.84641641090428
24.115988944887935,45.935126160839886,202.1074857555082
27.59836477482295,55.73277820716814,121.69440449747499
25.55623993940219,69.3674614094207,437.44021937230536
28.6406841197609,46.95560860928877,308.2606655003793
33.78654453585132,58.11230901262407,239.91566807998504
21.098216884155505,78.41094561192801,266.13376862958893
22.270924312864203,51.588783975122894,143.79890841849607
27.35882327475088,46.94104347227946,170.20366408786077
23.347804065918893,72.34067154607264,459.04832013444275
31.922057137029007,46.23658792466814,490.8719828992791
34.34651806399128,67.47330187141792,213.82246605298562
33.065518460647375,78.67757199093056,164.60214732124962
20.559750599670988,47.44887163211808,165.774905601151
30.09434361211817,54.67917469272853,305.5546865448899
22.23614907588413,58.922491865081284,354.1382044796262
30.748629015543937,74.03416175741108,446.4034984427866
29.33063107647865,55.20194775674939,324.96245276490953
25.192723682126672,72.7835900700745,125.77970350800882
31.340017408049597,58.39152476745502,227.23187827263334
34.21636809778188,67.78275826227076,420.6471613575458
28.452595284324705,62.35715497601553,359.14484082841653
26.813621850096588,72.50541600107078,361.99522736831636
34.10837917770003,60.574004062521105,470.41013749648437
21.51479968665323,47.04730127482026,214.99826826764607
22.864634481000987,54.5446177663042,253.97148443087866
32.72750721088247,61.27954158925535,169.97889506227625
25.278458266100415,79.6763076562743,184.65184422162193
24.95343752663448,47.27605317347043,156.1347552539218
23.36680856999824,70.01980069534243,498.4437578203688
21.102544887753798,52.20383418181918,159.35160167888463
24.757342459369106,77.06299504488788,413.82881498702426
34.070451669706216,69.18657252510201,432.50362482016584
24.967250798662317,55.164559959044944,419.58145545302574
25.44259657839818,76.96527659570599,445.34214659870133
32.606574896210304,41.81142260197362,468.4966239270923
31.719542425031232,41.02988281319487,139.56021206185315
29.258064517256457,42.47444919236873,460.11872669087836
32.273144721022014,78.31774365201376,152.6902834265522
32.43169063654936,45.31203141607314,486.383946853536
24.22451058740956,43.16585443358174,161.38775889140607
25.418503012315217,52.292367174559004,146.48405347804422
22.669763540937787,41.07906051944373,469.54203417451873
22.947370545525356,73.61901294853999,182.25226407370042
22.42162356629614,42.54527606414829,183.0882024817529
25.713637231836266,69.99472666367684,192.5139426978491
30.592796847735787,41.411564145612815,178.80554753609047
23.895990500980936,46.24161365488111,364.7994763868655
26.41851032434788,76.13899563877301,309.31006538503516
27.276907367359765,57.29186631148466,120.47003333537134
21.06631499409047,49.59743468716194,253.51602075492212
31.680116402906368,64.31849767599535,251.6441872063017
27.42830782701833,73.39269885353454,105.47034461510188
23.486131128224333,45.62723433029438,474.60915122964906
29.493687210786373,42.25274051838779,441.03547897290474
26.420305113197113,68.64530434035483,403.5754583273292
29.554939442251648,59.50376223712402,462.3316173428682
22.167374222890064,74.73472194660569,451.36099050343375
24.71052346176911,48.38612526205179,407.4196017868309
27.03658537711538,58.751713597237924,203.16472680891457
22.447375159816975,42.736020309398135,378.78077323363897
21.818426776528675,54.05675092103066,116.42193786694462
22.39424159353084,64.0065490709483,323.3741181726401
34.047480691347786,46.85792656531318,125.70119676086952
26.808231531399656,63.23369027685909,260.361770338307
29.092002418746755,72.30074462180093,173.91453999970778
31.6481009395196,79.6813409137763,410.06629873931917
23.24088334345952,76.34957144329277,374.22880271971553
27.408333201492177,41.86179555725014,361.05969727007994
33.920255472156605,47.39600132346171,412.6103253095857
30.746696907473204,68.46070214181607,360.1766188697459
30.133682399555806,46.462540592923396,210.21137234540333
33.166871679307945,60.82988148003137,449.3131598565927
28.70262124703693,74.86847125830317,127.32693813935114
26.824443983838602,57.42228746753968,194.48027947779028
25.605949029086027,56.958606197011,256.89146848180883
28.987198163762315,42.99522814515808,404.6809642241429
29.03851086685345,50.91112321849819,346.7043186610057
33.09810536994817,51.12192822793123,473.39924706055984
30.53123063085402,46.26504339012624,232.28965183311198
30.206481057156928,77.75070295245571,473.71433281162297
22.192236210168172,52.487842003899345,211.30314841085885
20.307998021905817,55.097935141899285,187.15437675543618
26.05126340206266,72.2690165753574,304.60716879388053
27.924700080359692,64.21448841987748,127.29739707138195
26.253122080578905,74.0795809558997,490.5542380089648
30.75243745674779,66.61667065322818,402.4732326939258
32.364870630417,64.8538874209857,264.3892717733736
23.330037402097815,68.2881734853183,111.08545791498314
24.353715377508188,70.03886205383478,113.47844925514843
30.0209946328581,55.92788890785858,306.69756466884286
22.572505081788158,54.3620348518868,347.9450399365322
33.46441046178295,47.06579253210586,209.36475572802124
34.65822203332295,53.67292826961257,259.20659130830904
32.716969591565,56.90255094141647,315.87570096004924
29.88677284193167,44.938410494387426,481.24958117929697
32.8959989912783,70.31241036095729,296.96070577117837
21.237404653380807,65.23569890775067,259.8769185155292
27.636249597316812,77.23541110345717,114.44222484687914
34.300674527726216,66.33871249575704,403.7373723716501
32.63535179982929,76.3281301960468,465.80712176214183
33.27317635373801,71.05158921171328,497.24200330460906
26.700213190028162,41.989307145197174,285.8899584759819
30.061106509638194,50.67312580372034,313.45550687171004
29.454251415421844,67.89539389004919,441.660644725774
23.4457871009205,76.82946575325695,412.93941164979117
26.231502762643714,51.471599204759585,242.50127005457648
31.480971163013088,59.067778315715856,278.47524893132675
33.39101917920276,54.53479897621109,261.6124638859736
25.210702252478388,49.305452102319336,425.0039026197578
26.515921525206075,51.94165381931174,158.51249871587592
22.536319701492566,44.023709628710954,311.52073043107094
34.267572090861655,75.33975106566163,197.5104985295685
23.62767909519595,68.94487600444396,168.8678657427874
22.74948516636434,56.8442726590327,246.18959749963284
23.72286083150986,76.68365555143313,490.7753978516417
27.673302518279183,52.86952780231707,439.53413618142156
22.126572492925263,70.22027389504832,323.64199962004227
32.86418900077132,42.68653007033233,366.28441193545643
34.62049971734662,68.30442982375158,171.31404248133194
24.643338242838336,59.0834744439579,285.58672030837715
31.79572639447811,40.915474493985,212.49366130298478
24.42077888948275,74.94955378640994,471.1253565914598
28.973759391681696,75.80766595718424,496.5978939928824
31.161795811758672,59.047657861033464,415.7704820686924
26.68343183522923,67.15150889846359,285.01926467375046
27.277316636309774,63.79087853985739,380.653619257983
22.313413859232448,43.258420366471235,226.59380059824716
21.765069525419452,67.46363347402763,247.09034756274045
20.381935626143175,67.02628783079032,151.70489793901325
24.880387356867143,76.04527778082121,185.88346298866355
27.527416685114293,63.852662011517054,390.1551205990907
32.0793063959456,78.83450676419307,489.50649448882376
32.75185076209525,70.18042125733967,366.90701477548
20.285534345487644,63.298154219090605,319.18001350400664
29.827864310699177,48.698165859395246,268.047823045945
23.45709410473555,63.78454853720767,364.8366454075176
25.3060437102191,46.95744656343378,346.3040461153796
22.81135191163044,50.83894101826731,127.38072575384014
20.190391495363986,64.36430749425085,237.22842737904583
28.016240992409497,60.28601527644733,324.34716909171635
26.567219915949828,44.927318010096634,310.11992610525556
21.267094070745596,55.42516747933875,292.292290281249
26.38725410680196,42.23093613064425,283.4901106710932
26.35302373683375,60.180799610947815,164.75474843976053
32.487966649819775,76.87015127033435,476.201464199864
28.304333872494045,68.28597144039593,178.3390005953592
25.134164271319328,66.9572125159964,155.8451479927065
22.801319994121673,79.98899266776887,371.8127272822929
34.68190807742158,60.62718645812925,148.81073082732027
32.97852932492888,50.19494369189373,202.36478607360078
29.894888220455623,42.25644125569511,430.31412366708156
23.81283798922865,75.5795858136014,387.7582253784742
30.2031854635186,73.88232258004287,398.41065908648164
25.08491799863055,56.3529687806395,422.953555677852
22.42209034912031,45.43959627465944,183.984595401169
32.367159617781326,44.96330886076481,439.2163306738363
20.933038756907976,57.94937764977601,490.6025980064175
33.00011262528922,57.25865280224453,249.99814481179027
28.94856708615798,42.737841939621646,406.5112596531684
20.13108015494156,77.70582471962416,166.68188856907057
26.721813923420054,71.59908395045919,403.15932941598805
24.934753027985284,76.36427393367902,173.2200610211405
22.497443929480397,63.10080989355258,309.1404079618337
33.77884639238639,63.3302524048318,346.7751172267734
27.259304532756605,42.549702288681004,120.27092238430015
25.035927124011195,44.64324508775827,446.5778060648494
21.208841726257823,53.7173930170762,375.51401380024873
34.552859211314335,53.55800769687574,380.6252323822213
23.04750576279861,40.23635520329688,392.33788152290737
20.76057605828845,64.35518589324276,220.9304649187425
27.296641634046797,66.56530769252542,125.86221648042772
20.70345333440308,70.5277359599665,476.3113546660535
33.758947366787936,43.76354256091626,262.2709111754145
30.9849731023493,59.900778456549446,485.63692319877725
25.07982701883105,65.00955976570137,395.18811543649247
25.769736247870952,53.06615151184574,251.54500718914937
30.911169891468603,63.908823419182895,444.3549584554399
28.661807800364684,70.48955058716464,455.20143028133634
20.79383476142769,66.2871370838847,301.9446470065945
31.77294538173862,70.55026498317059,296.9890479868471
22.628727306441178,59.79457245252912,286.9187481017067
24.02960314216285,54.793061554799706,190.9957387706623
27.663542654973572,50.18201041969765,445.4223156975185
26.836491776076684,44.36292848638566,471.38464715415114
20.7628071249386,49.04635357657769,274.96141128748917
25.067891381747003,61.90792539808912,238.11677338919574
20.50227416629377,42.66515735520105,256.98195888965677
27.622036876370778,53.69954688590688,196.18335829944172
28.211499854132363,56.70944918744539,392.9696737499738
20.61622054332045,53.48586238350242,446.5481151828691
32.281268200461206,72.95950741705131,454.16828393250285
26.577855458994097,74.43059531701972,140.19623480566457
21.924166685434418,47.323894016284385,132.69122869623916
24.35926897205023,47.128612777661964,178.99745760979488
34.97438282572443,66.36224913736591,450.47707701326914
26.24277157695007,77.10469144388824,212.0797943689063
25.006188520582786,69.74392751889832,481.09532675463714
33.40485633277001,68.54134576964799,260.58683429701244
33.28310664177675,46.259471886562416,487.82404290486113
34.21960713129098,49.52851165727343,422.3132351431946
31.558595290334015,44.30554253974699,447.77250333530986
20.80004606054742,73.8961466955219,255.3380856213811
21.649243949419564,67.53213139270272,339.70747644311234
33.32517335832187,47.741874236585815,376.7028326194612
27.036150440334872,78.1338685304664,322.81411354476484
23.28160549134992,66.20321511286296,193.78655634175442
25.127830206645264,55.3891973230817,319.2189451246202
20.861480525009075,56.16173269522514,207.61466978398576
29.39095933995287,57.10099416548846,281.60759701192444
23.262285561051364,56.030344253214366,298.8079667970223
32.590595854210775,41.90552871529017,467.2411631630249
32.22571921627162,78.18529731465485,126.32669176056285
31.082131747724233,44.41512670356299,159.55267763352688
29.819456087349344,56.76331341641062,232.41458011585286
21.98554313187257,68.27028007993222,113.03326661849175
20.00599038867429,77.90457170150421,292.9471299422294
34.27912468505149,53.3118737193276,289.34772884687476
21.914568341493396,73.68044430796124,151.46964021166437
24.8685007479895,73.58598507828799,404.00677188443854
25.08668146750509,73.60034928182563,221.3077060668867
23.581714043367587,43.8321984872805,378.5418546542751
20.406191815427174,54.97744862648072,323.6521541505089
27.21736597530836,79.27312512908595,489.6040781658368
31.503274673484636,64.1855523978699,364.9319844393538
25.446077583366232,78.78541774433259,415.4257368737839
33.049484813242756,56.56110823044234,430.73252047135145
22.733825794179122,78.3256374352194,339.63104760674685
27.794816163895675,51.14851682703012,262.1714550440082
28.029289466373193,79.14013082420755,300.906158634716
29.781665852287105,75.14281227515926,407.8156305310852
33.83331159504348,51.07441408330397,434.8584617430769
22.413075118526805,48.687530617369326,482.2741953089492
20.505004370093797,64.76179401965723,266.5887706060364
21.1763142633118,76.18812468081939,107.05561923917281
22.250162952149275,55.787595703619786,350.3244940284059
24.644145869536896,65.39327654595269,213.96714402458898
28.538238202813485,54.657195620510976,134.19358177772028
23.75451299146009,72.15290145184754,298.36304124770857
34.4538683042665,40.34847208595948,236.7881517118412
24.626262136300305,44.363968848602,174.06978033020363
22.401012331072494,78.96810530532599,173.74782149783994
34.50447742401739,46.01958698544799,242.91655198564808
21.434708831649196,51.915134258513554,369.7228522891275
24.834306073322484,66.64450299845127,439.22024627313874
30.271456817169284,54.68984538711187,459.11211047606486
33.014815096293184,69.9913616129298,489.71431867585545
28.189015421138272,48.54986919097348,451.08484743006056
26.709327576931884,56.43733971143408,360.6783808468565
33.208789873729984,71.65613764194015,226.06890354772116
22.66487965543532,44.24303357388708,426.74740599404527
20.63596578156798,45.29736200693788,418.90290975944333
25.703871815930633,71.25542799349158,117.60563066649215
31.05765289318735,41.30383255673244,193.06290169562482
25.606364830001556,56.2100614127091,223.1236160436452
34.03836421419596,68.34919387222682,354.96238798403755
22.83838791506712,47.337890239959115,134.5388579440159
20.525745291057852,42.09588945839925,424.0878799199647
28.805077823114903,42.938113373894765,394.79523654653053
26.555497908850114,66.62112758707107,357.9188877144695
26.689859009384637,73.85264972732006,485.16371685158504
27.60146740126549,49.68249830917662,399.9899765773647
28.44332406971642,69.48329629644883,245.22130010973217
30.44640472090837,54.28038162564271,102.54628531843659
29.79534242807253,75.0695505355912,352.72277039873995
23.961258669791967,65.1384925462948,217.953859036823
27.359769042956618,76.91439541804905,392.4753863435386
24.15087365080949,69.56525619228952,459.82976577925075
27.467622622402505,75.9251907635298,425.99638487686275
29.01361682997353,68.50208471416452,472.56744599344154
20.72178269972725,43.45776263520837,489.02247118214797
24.959219306742405,65.53229282866052,307.81171248901427
22.00367478225563,69.13645897789975,275.53285457844794
26.829782655780864,79.56034390180255,352.69280633155915
25.812081020668398,75.39174072809806,387.0538893735692
27.405147971681863,76.70930403169805,302.00895729381233
34.912146642007215,45.846624122170056,318.9767965283059
21.38149035619992,75.39350799956449,176.90178299278944
22.175679737750336,73.4037260380615,194.8961204997908
21.68595966286009,44.55482014597703,222.8409583754679
32.21274557434483,41.21677915057964,483.9441962773774
29.276126181645736,54.14990723395901,386.2614077753424
27.51550902495085,53.78786893763031,108.52462489137386
33.89433584431394,54.4961954159569,278.92817039655444
22.32501107438162,56.73416544149824,373.27518913299036
20.79773467962966,44.75397354549887,247.38862253317882
21.20637689470663,47.5340022476118,433.4468046994933
26.705506352344514,67.1576329107754,468.57636597341474
20.80211078589795,66.68388367679701,429.0195097232024
27.389168779533435,45.93136328087063,192.2762745668138
33.422451091787174,70.98768129911467,325.6633027609237
27.77421485929967,66.51527169659136,299.02005157043845
25.809022324450027,68.07407141208459,366.88238026042904
29.03271717526736,78.92874619602581,200.19100235727635
32.3785128897111,45.110434094562706,126.2672586189403
30.867089388136772,75.32918794964954,164.57200927569556
25.724435397535206,51.00981260877856,428.3048817412319
31.497119401808824,67.86276786470441,393.2398208616846
29.71848210395664,61.193726304152094,465.4840695187345
21.414456525881484,43.8621682359429,203.01877338767622
32.355163872046205,68.26706890098362,348.17286764641585
25.503703564249726,72.30638415050929,427.53508057163884
32.23551388907403,58.78899774553692,364.6216300613699
20.497241729843207,48.25378463783164,322.8490049163338
31.486734419915578,61.76113939361806,215.94783775614954
34.3097690132891,67.59145444317579,485.42109402734457
24.68840286899499,77.81660814431287,252.24472953242642
20.93289433936956,60.2283930576775,371.1456283813943
30.162209220512626,63.36727359098348,312.4520178155399
30.65274350168759,73.48644922578964,399.44453116165465
34.36097949152385,78.57873868995172,144.02142478506792
22.400275593299735,50.573775825415815,261.2969800683154
31.691215362904238,55.23978008442101,297.6568590966247
30.077371019980596,62.98412813931494,410.3098481274653
33.638090276608175,73.98658952611274,377.09937605807767
21.842859536615904,78.22280819742161,298.3362677752585
32.583548121108805,79.9986557868104,118.0690760817249
28.757242316973926,72.71981890157713,356.59319021587316
27.41549280019163,43.5164786315828,250.1340956731806
20.894919770784774,76.87985274434652,143.28034529959214
25.672162930071725,70.28084369630669,178.12824302451725
26.529807295976173,74.55918336179855,150.58021361683817
30.04038326039942,75.8447217030619,161.85850516730346
27.466678170867667,44.557083375664185,123.76791652717105
27.13018349451901,69.97063928696771,461.1144959783881
27.653681404654954,77.55805193130396,140.01811014015297
28.502069578188998,46.9775730781018,137.81816530244612
32.01317220049572,57.00459798020874,481.2472996619152
33.55332021664358,62.21815580899596,105.1011170837914
25.835010161081122,71.75915612666549,482.57505978258126
31.59433150409621,56.9066698475589,472.7917656141983
33.98939493747069,64.71108075923871,409.6577021897753
21.52420937286805,67.60317793482486,458.71351961104256
33.02404388169512,55.97329539661153,436.7553697759928
29.841650096616515,55.971646989990454,419.12228878047546
32.83136169064238,62.20331251970729,384.6558024364418
32.72542148311505,47.054820206024225,240.46655571206568
26.3806864050413,60.15292446231572,183.38222111150736
31.34071406399487,72.23598496620028,350.2664133250677
27.09108018812711,61.93813761775431,171.6517680110694
23.619887274888047,44.64285682018732,250.69741194214834
26.437453657576157,62.10479934327813,127.67086946425343
33.737382903204214,72.45680437896975,213.64171316883449
31.793724686786994,79.86910272606549,428.07264874056
20.220929756031325,68.19799055898368,169.2961196294556
33.94081558964337,44.24968559997146,475.7688201818989
21.123785830343035,51.95252175740234,206.42518307123328
26.25402672169188,47.65537790834383,195.46495939345422
24.63362309974275,51.29806752732569,369.8855312950143
26.862639828249993,64.95058573642753,306.3028258608849
34.33328032935416,57.169599178193664,423.2818221112106
24.32617936669404,49.993687527554044,421.6304784788521
23.889885737609383,74.08154940287955,421.8452601869022
24.79659324901914,40.554869764512105,324.05788626942564
34.621849195932036,61.23220503159557,337.7234224573991
23.710104872104218,44.5505200474133,295.14620034665114
21.671124670118218,66.22875292126633,151.21169329347845
20.40698251697331,65.4069442427352,411.5700081413262
26.13014038583887,49.02768771356192,290.7527790796752
33.18098005876107,60.02669752891933,122.43667967017586
31.734664955737916,47.23127466566518,347.29750695244263
24.17710293749313,69.86343955610626,229.23135450330068
25.08032185344882,51.515489797651355,325.4751346002472
33.332802170036466,40.475549117583505,492.16920285292457
30.96821934326398,69.4499166964979,416.7779319820312
29.80840130866444,57.03275093670756,134.44527062716497
33.120589231243606,54.546440393370126,119.05053762697904
27.780859073163978,78.73067101031457,372.70365342822794
21.928429543212502,56.396406909886636,321.1080806987544
26.759906294191108,49.07407118343014,257.61388161061217
29.68410401597818,63.34437853539178,434.9185513146586
21.175791618442872,70.45654754722182,308.25202414333523
23.37047997580148,75.02468914844633,175.27964768813283
22.513273483758784,51.80764586831696,155.66731193222108
26.546038862242177,73.88942382561673,334.0201250066048
24.850686290868968,47.126762224530175,338.56934508577797
27.675164311029512,66.7898845698043,491.06080649500376
32.2254422723159,72.49898481883297,232.08215055493855
31.050355854899045,50.430929727304864,263.5562417248652
26.374798921644633,69.63382415722198,283.53881772299883
23.221374116737227,74.83882635557305,224.6019307438929
31.70747822493802,62.903231025998444,463.4835328271513
24.948937507904336,64.79717417063692,480.97071648211664
24.99830323415918,43.11929303833387,148.43559793238552
32.217816591673504,73.78113139608104,421.36931415451164
29.25924422557522,43.57844668784941,285.4983930858543
21.872369765411143,48.948212218190086,236.5140094668447
29.835663269372812,63.38662746655258,242.11674783965242
31.77886788781407,73.00472363397387,103.43266765703278
32.59788511865631,51.76688810740994,293.02203031424415
23.514577158025816,59.72019126999562,151.94264749521258
27.687473401518407,53.77549855260436,219.6829834523879
31.814738591456265,69.02450605884059,113.25717941862492
31.243580538725503,47.86767223173438,308.339190932193
30.610817061341418,71.43056327791165,113.296783045124
29.115241404828005,51.52404533592977,407.7824665659535
26.986938181528515,73.53288642945921,421.5549997983216
27.533385681932398,76.73176071609788,451.38271421619874
27.497105773985602,70.94143013567444,316.559999011752
31.77720901554226,53.05330876385209,298.56496565289666
30.986795457604003,66.34692741590055,430.617189084216
26.430400586627744,57.14120055029722,331.33483227553927
23.243951344555697,52.72704509559116,432.93089132682155
27.5447788938984,72.9153230043122,178.08219292309388
20.36557110102492,53.739652122609854,394.94708506844137
26.31635314065957,61.80896322448924,370.5823486145175
32.09424502660861,56.85530442369666,146.95344369258532
21.07873826900973,60.18436787679027,400.6491177602952
25.14412149824604,50.66221284343105,420.31715828808814
28.086593543726778,50.88876543065118,407.67586913876903
25.84675234014379,59.062757244317964,108.6878132350499
20.51502838201503,60.79196974395385,478.6544040025625
25.935843620722633,45.58873201618971,157.96839317828804
22.446908448151238,46.32156618235396,393.4399807027717
29.888810194961646,76.41174067522407,195.34760183896597
25.43036883863354,42.23869281150173,417.9673644256277
20.1036159757317,43.553817280067896,322.5335437430009
26.189939783636987,69.487363516702,384.2402601677181
31.07663840947067,69.34051995824035,409.4469068158576
32.45288905380978,74.00179175847842,359.370169769307
31.336847935160023,77.95396876794385,415.892609101388
25.02596573359189,65.24681110197874,397.0170337287009
23.123398122144877,46.508400096469025,436.8924228361044
21.854433630275572,47.66036497924563,248.4816694342436
29.9934045478168,49.52225456196019,235.03306740915684
27.77116634597757,67.19515333708483,311.8015995472745
22.656082454325716,65.22017572157606,191.45242146044828
20.37033719715004,52.78220287449925,228.9328504654434
22.801770932712984,69.56559764435862,343.41879231499996
33.62438317750185,71.78128777784498,327.4919200773284
23.775441332513843,51.46854764961389,419.88847905086686
29.75489083299463,58.230496130599995,381.40406350404726
31.611681444027603,40.31980285385926,413.2852108511108
34.25423133330678,75.72917256997928,260.1176712272315
23.3060322418063,62.01842603662176,343.6886646351207
31.793456448330083,73.05295044818659,158.5744178781311
29.119104464906272,74.73122812558697,239.1466383424551
26.721702122881872,79.91544521733464,126.88685510395618
34.91555062907388,77.34659712814305,320.84692217167265
30.114365530229403,73.51814451658034,476.45777432831846
20.745457880948646,42.56227255585971,305.3936603168879
26.43138319379474,76.15683491219303,109.13531639032357
33.7374255095875,54.02320118383017,367.9001810229173
31.74119145903944,47.92090582176047,135.86760752953896
23.591031982304,47.229275922319516,165.7596310085506
29.795993123985582,55.635971108324526,294.7670333813606
31.299182770508086,50.09049791100476,165.1611984786745
30.98838747176472,77.7408749464511,394.1800337951597
31.114017331805044,47.51064630971023,426.68852046652603
27.578591515480593,57.01691973076259,121.76004496090363
31.638810649455113,42.059245193655414,293.6514209652909
34.08905495545307,62.78138796615455,267.9157387473243
29.328851294873335,71.78700163698683,243.11011647582546
30.416056155589082,73.67420598595129,497.5668666136533
31.8712070650074,42.91470343650729,225.31483108244964
33.32958486070476,58.94155244702322,393.5752868860243
28.155051586827717,44.31095265773226,442.0933112816959
27.623941113754412,64.22712809389299,447.9986655701176
31.093850810539895,56.87013086227888,130.0598461463121
29.450355063447688,75.91604104247286,348.6604823359452
34.69540004524762,44.22354050052328,216.2541164595392
24.380238885897207,57.17714009285784,363.90333799261555
25.427012965827586,76.5822093468973,155.22107842106442
29.052552517018416,64.17900382457104,209.4786850213784
23.573334152885774,66.69312615547842,344.845621223176
33.56047934355898,65.62615793224461,321.38419552996487
29.444466413594235,65.07891933734409,377.4490995719754
25.64061988751776,79.3756126113505,304.04050280826124
27.51545864992976,79.86211803096245,472.7727936150494
30.649540591524207,49.98043320846839,361.03933623708076
31.273113598059425,58.7699093406553,442.61945672744065
26.538788725914515,78.36185396380625,483.20038446608004
20.943889555952364,63.51828897999725,208.90629128163073
31.053835850983788,73.06940334900312,202.58614354712296
24.299474477854055,43.94979570012805,455.16853311768585
32.520817375671804,48.73652181769139,486.18248489099784
25.202249815574927,46.76926861414159,380.7302341082467
32.08739415918889,68.82640488202757,445.0304781015736
27.43338257745293,50.059359257953666,363.6900587261955
24.9640330046899,67.40153414192156,323.2830132490716
24.712857745528485,43.108010247892864,374.4003959855407
29.254283989494862,62.01000907983726,129.69093784619088
33.14930107922022,73.19309524958132,302.3281685214566
32.383391505657805,47.095845435254944,427.32538403485876
21.412220179011005,72.03073666361439,119.7579448849452
31.295504253316942,56.25281588045253,360.66852313465876
30.59388993462969,55.1867871924378,102.91629325128979
31.276790639139833,63.409105150936185,137.27927819666337
29.75579835666862,65.09516098459326,442.87472232205187
34.63362648648966,71.71704323994037,156.92429691148448
31.17122310573712,42.07577021425562,279.3210971971383
25.378973961631377,70.14017856296203,465.8765639881262
32.88364357632297,68.01453053433431,205.35191389531428
28.119773677539925,77.90142307213632,137.78590545720948
21.29964765451161,41.79236467827334,454.1811362435225
26.79225057986089,41.4247464505193,337.21197007012813
23.236943901234103,67.01781135298478,181.95013737557687
24.828592230484972,43.468186733597975,481.5464305996069
22.124300629461825,49.2686423418507,269.10259797057387
27.83020397910456,77.02982382514614,290.6482514134633
23.65616684998513,76.23310009152247,291.058793819834
25.396537183221213,66.81804434259556,453.82336799663983
33.774840005795596,56.268229354362994,366.27148459402304
28.844813969659835,65.67382554676249,252.80808054174963
33.135284826086576,51.7791832341636,406.7083077255493
28.060482949938212,65.15988867126613,399.4566599386862
29.423377352385423,59.657451780302324,161.22784717461602
24.87927637143294,75.21430748185179,285.26791397826275
24.13051588755116,47.70920903638783,153.235438821077
34.184478350611094,76.867998917537,470.51819235763537
33.21936724575572,60.52578118222594,336.0085673011491
29.81811139882227,51.04863024703448,177.0268104013407
21.013581915369706,56.86571683083007,446.00946882156654
25.42590255676173,45.64935417540476,153.2864507788293
25.037687313826176,59.40782847491709,473.59551059576665
26.60560251493188,53.02748977984132,106.25580720114294
34.35617629399535,47.36393375493744,466.37253846514955
23.22881638226913,48.614925746133345,120.29671012988463
22.15790579544742,71.33716332257104,141.25009296153473
27.086404025446374,61.22485408834416,483.2183300672407
29.54654661854373,73.75296198343419,369.09819258058974
32.438895229291084,66.49323290268923,437.5661889397533
34.27854806695838,45.638042475091524,351.7291029224444
23.458286015757857,62.27305947917708,199.817028338324
30.68695673179706,76.77933148471807,273.5584582462438
29.89035437227503,75.9510044591084,352.99061537295825
31.054975526653593,59.891501245893714,403.6121484512757
20.624198387424514,64.73936309426266,277.1684779642205
21.079891460664708,77.67558874966976,258.23178486381136
32.2417050668955,53.98611882324494,382.75119443060953
34.658162289168295,56.23118503938837,478.52920613439755
29.372801975184156,78.99053206919301,363.66985975631036
34.726698437792024,69.00348687433933,235.30580744832395
28.8427020878801,55.07985013615474,319.049527304494
20.385680268813502,43.10532720464287,182.6950288006304
27.88824664780771,71.21369731632147,315.22161670419615
34.354663670032714,41.35138290384498,491.9158181695249
31.63984223841729,46.497948141715796,476.3468897152487
28.6169669665806,45.24529069472467,461.85781437771254
32.776716441636836,50.555490558240024,117.58268720821445
24.130173426430083,71.76987737735632,348.2051107229323
21.57513026112935,50.473147095499314,340.7978101333746
34.625058405745705,70.5804501105299,360.43498030231547
31.71253673473429,78.43943761804614,104.9492047716972
29.536248899373184,78.30962762361116,446.2780613465708
32.219927171048546,69.61439712720512,158.64852382405567
21.800250112282324,79.53617205733852,400.52624931768696
29.11010982240844,79.48709805854033,238.16412088662614
25.262393481874383,46.96558021761189,401.62089575480945
24.97961404968236,76.31308535861704,341.3395216815664
28.6612983155462,52.874137450769595,172.4715178945235
26.967493227916083,79.6182464295138,136.25735550348193
25.184900546708363,68.58415292954663,486.8596545022473
31.372553436063875,78.99492839431417,149.38517834247827
22.004164955366974,77.79508647687815,387.2678716792633
31.87235943587387,71.56941613053,442.23232756293737
28.448535449980085,60.73588518751288,218.39009979558148
25.610270806275686,67.02389833296888,218.09727855442978
34.372824022666,48.12323125624555,166.57242464071334
29.558202229764653,46.86452139644983,178.43867633951135
27.07385842065205,70.25405605025239,471.0223190966325
33.87632158487571,75.30542989122365,190.19889266004907
24.115461712049683,68.72578569012579,316.4094262911618
23.888584316493855,78.44561440548489,291.96067751895487
33.424164045143485,72.01629953602404,396.75764720356756
29.476209225651875,64.86800828953977,443.8717543995062
34.80306127493406,72.07201588146916,339.8995832852305
27.900892917760274,55.30195832675397,418.5215936987479
24.641928073371492,79.30747342266852,229.2214121112748
21.663087906108426,42.307387511451125,232.6323994628423
33.03416965067347,54.84691396972961,473.65062969533017
28.25969109691033,79.6781327758757,430.46428715598904
25.572335902453304,64.11138998667575,351.75542835330265
21.600949222309445,69.64039260829341,375.4345254214497
29.50547853225342,47.02778598241213,136.04270680228416
23.95004220984227,59.10731514482439,105.17061095196398
25.460984315053903,57.94918863378279,165.60696057784483
32.593239607152,79.30173543796893,218.26037771425626
22.386554651843298,73.63765523994486,454.74294243391927
31.596301164502947,40.5575886907604,457.0573830144596
31.306679661911677,40.10717838975946,250.0381325700524
28.67777982557358,45.18621852128586,281.0703865221911
28.86694300152972,58.6627704381884,263.0819519921699
33.682266278415725,42.57708630060742,148.034937930248
29.702304569067017,49.20993969319818,173.1427747552429
26.886874121270036,65.63542080972223,169.87542861102258
20.72029802218112,61.43388519682694,143.75442226835412
27.977594494037668,50.72121067617025,158.65379819216082
21.564284059592392,56.84556001263057,423.9284971692093
29.837976852021615,58.86951916395477,294.20973247265283
34.18356597886145,46.526054560194254,427.3883811568785
31.977351192957933,74.63965850079704,151.30031322383303
24.487063714053065,68.72280641104379,227.13100363806876
21.02925869925985,56.29188408950777,364.863730355044
25.617104211426756,64.3183459443965,237.68610754774224
23.159513428291728,64.28736132032826,485.4642372974715
25.402839059914854,45.91998547232186,438.1117119430323
27.09480066173521,69.62160473366866,420.7805830610909
34.73200846529891,76.19295311600008,339.7356257449076
30.556427079707678,70.14985796356207,145.49741971447406
32.62605070582093,73.55527628192785,418.54677944928784
31.296558778801643,75.15178958231883,267.5083514831498
27.322423579101113,60.01656786428991,457.4086611577612
31.378002917631466,62.0457178026244,425.3624152368502
22.568836573067664,69.57332606705012,476.49839076198595
31.85360202840812,53.25138201781933,464.8305378079795
21.165553615987417,69.89100027972852,211.8851766461114
21.480902571085572,77.72496114363993,117.97939143304963
21.21212786228919,45.258064357571605,334.87386938433434
31.509887848214607,76.166523375992,376.1009747953611
21.26835594789175,71.75214988902705,418.84364824268454
29.576327239815296,64.58304004437505,355.9956153495102
32.31743216306954,52.55014672608993,242.19141495021194
30.80822402111414,75.75253556506897,221.6521748832609
27.236160347013996,64.33985338110408,499.7092829504679
32.47836789067359,77.81289604416902,326.3210151118372
27.226411228304567,66.39320492804876,248.9843038865222
34.74463606354532,78.58777090836149,493.602518448271
27.788054533277585,43.650143712637885,171.3388000623563
27.49384131568675,51.25416470642043,432.4014637080973
24.959434305794655,47.1960917999091,367.50276688234436
29.58176937707953,64.47353601921118,392.6731918770059
34.71889204089519,75.708136799263,252.86654691844558
27.307401732591728,46.02367551488175,125.2276388817196
28.837821046864416,46.27623898626763,297.6204586939256
33.77623155357599,64.49760253306584,267.710085840744
30.828928188746325,70.7013009597485,498.0091061618433
24.74410344588906,55.89748358913467,152.4502252237855
20.152458789234288,62.44284338274187,204.18235810754814
24.046749646047047,64.58546152754592,345.226965746008
29.288885459400024,77.8966780350641,185.90689318209363
24.85600023834774,43.49029817501646,281.6945540536399
21.837623183741787,45.496554854837015,139.1758082943607
34.134609607332735,58.41043487621368,395.86473147339615
29.840511832044122,43.33827493890445,487.6463041156716
32.343805582124354,44.77782059945431,280.9517310428977
32.406969259500215,51.30126022715767,207.76836394270458
31.26191423334497,45.51967476697363,361.1822294058177
22.43868120523316,58.63363373225648,316.16020556711095
25.965600452387143,44.25272883296145,111.24854710825072
25.000939808004734,78.81339355478426,308.75135784244867
23.319739345556552,66.45143223825785,480.6067522974599
22.818731622431887,71.48667191397564,342.1157206213486
32.39682957844343,48.55987855417377,481.18503488416803
22.404918118524137,52.64058567079538,479.48905026256983
23.172396520564792,53.91452042037949,305.5791403260054
23.38526579433954,56.98986971696473,133.03010137168593
21.036902748127577,77.25358111305809,160.09492490348188
29.38142564297868,44.617884826232846,132.53346230951823
33.30855337257041,59.86972134869213,230.1396655263704
33.77279136919314,67.51689025876794,164.58420942215633
22.770010887790242,60.27079343319918,473.6814898246624
28.081774140295103,58.2592021396298,257.9721012024165
33.55300125898278,73.50525113980014,417.731887450715
31.011772111115725,58.29285143990482,146.3906951914018
27.187727103138037,45.230845635718026,276.5382495552891
26.153406395817495,61.966877127760156,149.63217397166733
26.658744091274375,76.97116188984393,232.42239922476054
21.198382301867124,60.29589182038911,315.81686255336547
20.97533141721865,41.42134287035979,330.9632761654002
28.10051030931491,67.41789444621008,362.1286602274985
34.964046453415186,75.02154479469033,361.6806839477332
28.140316443353615,48.216616765721064,438.8270461958938
33.40993598677049,72.46557970924603,442.12834200182095
20.31996910952042,47.37456671772438,436.4928956751576
21.020572722256947,47.96517983293319,405.5738876567843
34.69999768714935,60.238924222304256,159.90683323413379
32.567525075126255,49.549324591860426,440.3425925828891
26.539840435574966,41.800685944203316,196.2213665470449
21.17047927555543,40.35323447437855,213.72093359069217
34.236724746535494,67.2826574989643,237.17335097466025
24.459707263660313,56.49776868873009,149.73031242973155
29.693892162405024,55.55389675319252,279.9842159610984
23.05234243814291,63.2517978596737,488.7126526912484
28.854460895736313,75.17937855210053,397.573819445528
33.81897144453946,55.40562687304615,147.273454078986
32.429224076538674,52.43694774792251,156.28098046367887
25.187870444443135,41.51333175293477,150.17891161139923
25.57254601302848,60.79438039742829,135.35734969325702
32.16095564278607,54.64697456828864,349.8111599302861
23.531099702296956,53.14572039192025,136.1085838886546
33.67208369848627,62.99920554968425,247.48632814151827
31.42632290072992,64.16418324300629,478.2641708062856
29.715076678345618,54.1735440752899,188.95521031624517
30.3054495025428,62.608373318338465,114.18654943041658
31.186181755557843,43.87788768577067,456.8015937409318
33.04624159165866,43.4998574742683,342.83839180997575
33.192878074003154,45.56048505426585,276.05741949250125
21.707447938140007,64.22745516215456,393.52496630407006
33.66580426215113,50.33313410338211,277.07655612616935
33.46044507330202,70.12890292324474,387.00977768297224
31.629137346444573,54.93833867023859,392.6260622848671
24.72193011802204,61.741712303609,335.1109984626767
28.301852675110926,46.43264095050636,382.0389938845416
28.647422929716704,79.85474427035683,145.7506386041124
29.94685852744507,58.3403390662272,163.39098778730744
27.846040348062708,77.83293715132908,148.84038864549927
33.70509447343005,41.61860612822172,359.2376445033069
21.75696669261744,51.435294724369335,250.6557877052478
31.6135753262295,45.391635999416906,165.66781032154827
25.888599672240325,41.599112498578435,493.72273425012196
29.667923693312108,64.4009180643171,114.93232673936346
20.509959085319842,56.508090836058756,110.22546414898602
31.50789002362028,42.40335344261719,457.91837811640744
26.120212318972797,74.4634862974652,303.5896528207994
34.06300658964455,70.11101433352032,146.20672055217204
21.610390225852267,78.06809043215725,242.41311694657313
23.027355891573084,78.26770726411186,290.598671988663
23.097151362066228,54.761125158823006,137.25958920188668
31.71832461689696,70.07442405256857,427.85137410894157
22.303703229072024,64.47804939715625,142.1813201892039
22.825394092253674,72.11453977107412,132.13739309543388
21.742649256061426,52.07696184874722,499.43020078272167
29.650332763139936,75.20000913982336,296.1749630765962
33.231048464981306,66.0648188965297,175.35558830194992
34.624709565619554,78.55779587685777,392.9048199133002
34.635218866445705,45.296288789080165,471.9107489127893
22.557294478027906,45.88356604708351,271.86829194209736
22.68607656877582,40.982554255571884,372.0405205699813
20.7344999198459,62.87184935033443,135.27603144094064
31.521238768462297,74.11543590643446,126.4452807878893
31.0927121926897,67.29366337296008,422.5665719261101
28.338237950753435,54.49922330366683,123.6414412288553
20.202813118114534,65.93946216173242,138.03569934394665
32.55085687275654,48.96666350541602,450.0826192375317
26.145882104111447,65.61085621948992,173.24381976996452
26.511454144806162,65.14147477428605,285.2722042216924
28.00952519345207,70.48759564912037,343.4118922814632
34.41240779549871,42.878907444783955,471.34861037070254
21.569213117795023,43.943974440677664,465.50853970554675
29.572655764500002,55.31034268237884,156.77228413530767
28.65679843561841,76.6998658316819,303.4237803687538
28.121170051938094,69.65585142143514,253.64635274271933
23.035241496595678,79.7158553444596,299.0502800244099
20.270052964019275,44.28343944999828,373.264141550706
31.683153271734167,52.158597106970795,332.8699422959978
27.154364055308644,47.63061182520251,314.41575297249756
31.85652426670173,76.21357289597056,126.79556636195048
31.941723300562956,73.9185142615823,125.3228834404999
21.922358083135524,78.67538224687694,407.3180467806133
22.100042346482876,58.15391134461824,139.32850114548918
25.78496098952804,63.251495429339975,344.01675055384106
32.15758622001805,75.65792430418273,137.49965022232539
29.262853856940982,43.717715935307325,279.24121443744883
20.39256801330264,57.581794073544984,376.81072748128946
26.233626226686408,65.32229873948435,453.7675763878658
26.923409570258787,71.55370565832644,148.33668812198843
29.36912278632113,46.135129189115055,104.90438985849889
24.077850831869625,42.41981773647912,200.67901848644328
30.44427706323842,54.37925845481451,366.98041965669586
27.058134412650368,69.01313175369114,140.4727116621304
30.519855069806216,78.50052789893202,257.6423051659467
33.60856418275457,45.061785260100436,155.06946499012412
32.45689751680962,48.55928547087829,277.8440139689021
29.42343990850229,78.26400713178919,122.73891615206165
30.93972713260697,62.180003187478675,455.77343325116254
34.67639623433494,76.16411982262295,226.7900383434589
30.72943200704888,54.972553719799315,219.13914250843538
34.29482008835956,46.906732209567174,437.08700722511674
22.247132625423138,64.73717115171986,360.7946931898591
34.4738202381399,53.836722303235916,183.64499175253917
27.06426370229975,59.61225521454459,329.11620999380096
34.45125092605935,45.222441346262784,450.66537835403057
28.292421386991894,54.689923864242076,364.9821996150759
23.932570597072225,50.0067369698342,145.40751066310506
33.39303725238597,48.576671089662625,310.9519404855763
29.196488907740864,42.491022220579794,299.0127445907424
25.22878608692138,63.95554213124667,125.37907858056153
25.023779958433114,78.27500051432615,251.2955364591991
25.21248307902417,57.73698127931787,390.832069850492
30.228365624110157,71.53107697759405,422.9230068175208
31.659209708435274,51.85677004731351,285.49322800070837
26.89183078379979,68.57198769959868,189.4237002507068
31.07377954410119,74.20310504472401,241.05420442819457
33.12910932463811,65.96515067955012,184.30294532294994
34.155481483354414,64.55595449397993,159.72698494209374
23.73181502435795,58.16199216382927,205.65057329691703
33.76440996705948,46.37117511931812,497.92150643990544
25.075558078762572,61.11731380463981,339.7997517191041
22.716084265541845,71.27699764168975,346.4935871013975
24.744762206332993,74.04774887531588,191.69820070502075
25.158087541749705,57.19432901136599,220.79276086716035
29.583126577264895,43.337173344841624,181.76311421252663
22.06930322251783,75.46901409485041,412.6387418358601
25.96745697147152,64.10020080546371,447.9513789412437
26.51063194022804,41.122319868527114,447.8581184954839
20.82130777395226,45.19517916934013,418.78636900379945
28.567032977580286,63.320766627002044,401.7695932286879
26.612831164876905,44.4968249672907,218.07198295513192
31.98426518110388,61.29214963315326,404.86921116141133
25.522695997366437,42.52091429611237,165.44510067557763
22.197591312837545,62.65599726689198,277.969973490884
27.042340807239214,55.5586789658111,354.27766279220083
26.984151181595823,56.20872323038412,139.0625109825743
26.282541701773212,47.652770425764885,388.8492920499667
32.5923539129154,78.53569495983871,290.80362492245985
23.695093420920646,72.26902475617469,302.1317651239382
30.692889514444246,49.56755866399164,432.0806368843159
30.723729815374917,50.40155178422734,114.36629176840927
23.243018024140543,47.5454995796849,444.51757088660304
21.750961444655342,67.78015785454882,355.9274659971545
34.05102445929633,42.33583394704449,477.9863316567809
26.52421117276072,50.32157485693314,468.0826059717206
24.93951060513564,46.49293054909273,192.7960798799359
28.410087861151002,48.90564461243961,343.92418393427914
24.239576287353184,74.23438005682264,322.90269943940746
24.664215504185147,59.94949928427389,226.41174101964458
30.424169622189126,64.34750456482469,101.07453621133939
29.50366975400874,79.86118159770947,283.73529354814536
25.080553014563883,73.25430962646034,354.3727330681977
31.452040534587244,60.64351962296677,453.06267598599044
22.668754417642937,78.94301659872109,175.4095716902639
25.74290247019298,72.65709707381427,386.83176272850386
22.091869955721,44.90753078964852,230.0200239859843
27.936157626423288,75.60497454339347,467.9831528126647
29.57836173305101,69.5974365453512,367.7282661211708
25.540450302143174,68.00973959064574,219.36239376321402
27.99863694204662,76.19312187588643,185.47687103870936
25.735865594314646,54.0454395060527,275.2289602507639
30.471854226288734,58.15175144419632,342.2384452570917
28.785652795573636,40.20481875540036,153.18790284066148
25.885954816097566,59.228544403568144,277.70564931561125
25.068183163277237,56.48679673032774,293.6820700483593
33.91004249325554,65.05437724185688,494.9752916607533
33.93605990141791,58.61446306560137,126.47574832749484
23.320865716976595,51.52081112366397,486.1510323030176
22.37021570589357,48.0107186473554,446.04212926733817
34.65946356656899,74.14544276119689,285.2989385011537
22.35423944612223,49.17159874886913,353.21513007480496
29.38671102816275,53.289948994861284,299.57633824678544
32.721341014044775,77.94801174031358,330.794265007409
34.05315760250245,67.4957134541807,157.75538413199484
27.227743595370928,66.17137434262446,491.46239200130304
27.195115616894462,76.71488294204481,108.86480411977936
29.187786025458053,61.275686887235864,407.0706026425915
23.129306951912945,71.11145735911334,359.68594766943636
23.56904783656262,57.170077889684535,244.85347810153004
31.50361304983907,69.32492932243196,383.9291563045049
33.53204777222168,41.725395466724585,195.55338978785488
21.228427801421805,75.28299912812021,219.10353842636735
24.897372772645493,72.45098341919876,319.222489178532
33.68944252129423,63.75774679725499,136.24936753315288
22.232650178572,76.67141700469175,458.57979004642584
31.500515396399454,62.07095769927418,122.61068632321366
29.41498863547541,50.996036298066485,321.0329027514172
22.39905116893923,76.44656046849718,209.71467795535625
21.99487797217882,55.53239187630851,292.6847993831651
23.550184278086952,76.57028532665929,245.01071082228125
26.73965534712221,73.42450841474273,329.39605888650294
27.40186317902061,66.66824496956517,395.0091115984914
31.187320405897925,73.85094049197475,433.6058028281893
27.62132587681052,76.45411353813816,348.46857103013826
21.46170424198545,53.63289313003049,113.61868830376154
23.98210356973758,68.44435407064427,150.2350721544655
27.648331956113864,76.87888541293295,205.61465902484164
30.38112732572183,66.00339849852179,368.76044117481194
21.170677135083345,43.44030437759748,338.6750005948332
21.482327917357942,61.39091219150329,211.6380469151744
20.130894483582264,55.609349554487196,401.8916701103223
28.925350753165954,77.09346104633347,268.3533949725195
25.716642875570557,74.81264259325509,260.20224289278855
29.57833970503773,47.329089615345346,154.87191370509498
30.466027896998494,76.09890256514998,488.8617782544844
22.46405597715798,69.29579042920724,312.80745166239143
23.572819570175312,47.81366156728335,398.2874388543133
25.154902981393242,72.73070266333659,228.57074368670163
22.157237481430364,51.11635207997519,415.7994974397415
20.335476851676766,56.23351351229772,191.49497510389213
32.47512261228789,43.17845596517699,337.1292010550569
34.45662548988483,71.18084816841446,119.37249412451175
23.008301724747522,74.96426111215231,322.45450777560933
20.848744984820105,70.6612140386375,374.5548016908058
34.24441943478542,57.48694137818123,119.21668503877262
30.88288879963125,49.002141669881055,291.9472186742359
32.57284333191488,71.26743071328384,497.52544748321475
34.121137426135576,78.57024210234034,301.4776449304301
32.22168260141912,75.5834930435486,226.72170883206445
33.596696312534014,55.82042268225885,355.29256270009415
31.0421977762863,56.49615764187579,314.3660825048133
29.365292978231537,64.52689167288312,409.8686526489003
33.122854248750684,54.81707724223935,366.5087682465379
28.25588705587106,52.52952804995656,171.31039472692348
23.781236858234482,56.795151402889914,182.3169778959392
28.701746576946018,56.63968683822992,400.27788012236243
25.063138302587564,41.16657962232529,293.6299872999413
21.073881387639627,49.090557513078686,459.2355655812703
25.574135887256386,77.68185603929489,222.5319839468569
23.48935097095763,57.65349474923803,112.7873783676562
34.77384812427569,48.89375797620986,365.27047295071935
31.732733715135453,65.25916612912414,464.6634935159875
28.176150424814963,78.05536717694945,153.8880719303115
23.09975360326817,44.2670074912982,439.5092510705385
30.31469358988411,78.63964412462254,452.5738719935777
23.222504166313062,73.14526889209257,134.61297473901573
33.71313390821608,52.908643507607486,267.3245255737346
31.720032449077745,48.3037690524531,114.89957639125254
28.64290893570501,41.63075804881256,386.19486647806883
22.398807492962955,54.46131946658149,412.53161156537595
30.369671973020647,63.25896054700433,476.0079700370802
28.483704072973648,62.23184161896681,184.75558263176856
25.997813371774154,77.65128952938892,217.72152946751274
22.67057651945934,66.38536842281262,341.8464495008626
28.932365505716003,70.25284611273067,486.26649940193346
25.60753379408791,54.980344464081675,119.01309329218064
30.20506660922591,58.52853146315403,216.5504039985521
32.5275662807002,75.63814089032161,223.98135236664606
34.86761249734596,76.07546985625149,356.2527925602756
28.687495619475737,68.87361241930111,359.6614415807721
29.7866843444095,75.22964938579572,436.62333715950473
32.06291185168404,61.23574825928561,453.24853409381956
31.975363302956737,46.62487793261667,214.39566576756567
25.108879013044483,45.08317172593208,114.23914929666851
23.456374923572934,67.35156068324792,344.09765116824065
24.641643155199475,78.69874742875315,382.61115797590435
23.862201484081186,65.1838994463861,149.12077386170986
31.631734607486038,41.692537279065476,352.4594595845188
33.53091840135536,61.7216964159077,263.1524609318992
23.754642276245363,55.10508905684115,214.22854839094748
25.606708646043792,78.83333318274985,301.3725081516732
28.302250779591088,58.64543332435035,141.21958456002145
23.783760208186326,55.807340863213696,102.25047978068882
25.52673302507875,62.00924102445306,445.255166849642
21.397378630353433,58.80716168763712,455.5047487090859
27.508638845318877,71.24118273318729,103.83446777370744
26.76519978713663,57.43394214649895,225.06614168218664
30.650521651229305,46.379518228734305,487.05252352616515
25.552563775445996,75.92795020256341,251.11491021852382
31.990432932889735,45.50975046048465,397.1810936996977
25.12751343453099,64.19178265550636,394.8530436197109
20.97508384806158,49.02265121985754,124.02424514447455
20.302919026854546,52.92809480124883,219.52943353845598
26.39411977532746,65.25713450036966,334.0514300000426
31.120070762973352,42.40541706778711,412.5217000709677
26.140250070920665,52.961115185561525,113.95961733274747
33.11914018939018,63.56436498091654,313.4962464276991
28.050345533160606,67.01658608087558,153.711052867932
20.432796145810762,57.36975464097072,168.18733708736332
24.85753300888721,71.24185406825212,429.24932913296277
22.630349461693758,58.73050228846886,431.87467989683535
22.42805475799842,64.91881324544677,390.6567857130439
28.301282571153894,61.657850610984674,438.01535119233574
21.481445354437607,48.41379630675593,258.43125966725876
26.93862761852963,60.97545381780932,271.80624722159837
26.585870881363324,43.49698871030728,141.11343438670966
25.30060690371324,43.58311270087361,371.10507151313953
34.22977030925214,57.30797008861113,356.58352036820145
24.197602564263047,61.71415458195354,453.28639354572636
27.348518055816584,62.67203245392369,302.67515066077283
22.156396959805374,51.678649359179055,192.71578512773982
32.5082872444068,58.65407105258959,404.78693664198613
23.394730359914266,59.43925317119174,281.6238384659284
30.90372993203748,61.19117211826316,272.2568209833724
20.02533404631256,66.28832556658107,286.0067303405899
30.678047759766006,66.34913740571373,248.55305873588506
28.050692442074546,72.05231121119178,244.59777218504027
24.41924770668595,72.82605304897974,197.57456626384555
22.942408339303146,52.15758165558293,105.81789578806142
29.894840293623073,51.438030567037025,312.4411798214964
34.85366451276974,69.43542120053472,377.38174374933317
20.968692649325536,73.49768454014533,486.04447286529125
31.637599889091195,75.1099228691209,368.7319036319805
31.37989517204917,53.91183384259091,379.1406088211654
33.76343950486452,42.54419900846378,454.8302350378128
34.870200985963116,62.36477636642477,438.7448660572978
22.87754428410118,79.68637807950327,162.8437210468308
31.907981091209276,44.91866274763902,496.1090124930409
28.025947637413147,41.20283558333418,366.5064210444903
20.974102918496687,67.01786510468312,225.0341911533401
22.789075344435943,41.02387052207598,315.22248254703084
25.211186975281898,59.68894017517462,410.1164101175661
33.19080509680472,53.198355282490425,286.2016105471817
33.32124239785696,77.08253473217849,259.2852730449555
31.776622408330116,63.456585658188246,350.9773705019172
23.991603348693182,73.61022927322455,164.13414100238674
34.125112871061155,45.81128484367924,433.22816201230256
26.77420222880779,53.32915267950889,274.1654091865166
34.744467198267664,43.29175197057253,197.56682273502574
32.31624256590147,57.1335344552947,350.49349937509453
29.040510218687405,73.71701754816064,478.05546220515373
34.994268876397875,66.80137212748423,144.4883121939083
32.59005970174696,51.03194482218933,323.5008858613154
20.308461810918416,79.20737157894716,302.2003804051643
27.800123418789727,49.25638223306215,351.5485384708694
32.7200535923628,71.5528449882778,414.7714772583128
27.506377421714962,58.625982134072025,451.028123662597
20.849947377164995,45.96239167288519,205.98640004750143
27.83097702508343,68.16419270704833,411.0600961750912
25.31923419753311,55.94722900213174,210.62077094074945
20.048594721085845,46.749374482430575,216.79332486776377
31.419719044661672,74.28979744595027,292.4951332851345
20.429693480013437,57.32356255483686,492.2400098202838
26.836795676821495,62.34882536584343,274.8386390300492
22.707895506594593,41.48812051988631,208.7491300760282
31.599167150592862,53.538243674089536,409.97666271600883
25.786185096998913,69.08008914139782,496.89022593320203
25.92788819819806,50.978645849221145,428.9675974895352
23.420988062015475,67.70141856281033,456.68983404913774
28.24728973497248,57.3064425765276,339.7356918405443
31.194204875226614,52.620371160828675,345.35544592018795
34.73678431150627,51.78929608009047,419.3607696759301
26.856979705548458,52.573975326730164,445.2006771268591
25.729700805819164,68.52315464256026,406.06270543882187
29.968052383805198,60.00258288946589,329.8868888746393
23.176273359029867,71.16443090725302,221.33588559021499
20.210000075547267,63.56736856229419,283.0159176974073
32.30419400469196,58.46045071517906,181.1674434729396
30.00883526520866,51.6029038295689,164.8641666629312
29.731617821116707,43.75500577136474,472.3109111573278
26.78069402835997,52.188779411367896,428.744991343011
22.96946676008688,60.55223662910579,392.0755475487002
20.53120310510279,79.92146199133622,269.44000194316413
28.72045079928206,52.20385628202046,439.4470997044709
24.604838186595565,57.9543858268072,102.20546304596513
34.19553718491478,68.60313125341334,183.8368797430563
30.12428320807681,70.82661610706056,209.26207967219003
29.228750229695567,64.85443453926015,261.35942587589545
24.73483107425079,43.30397867844536,230.81487746116545
22.3030744309126,43.3237911021909,168.95108664022075
30.02326847196526,79.51231112923614,273.9842509470406
31.33601031065152,69.92657652780592,330.6208194571045
25.58227949279308,69.45107703899347,205.74776234329684
29.62258743940135,54.49341979910293,421.01639175633744
20.83202593176939,74.48272781500138,482.19659973841124
21.975839185907528,70.4710037835284,436.2674889692415
21.26233998500921,71.35181286884358,322.2579851926273
26.94016744162509,46.64479032273154,430.3694877793626
33.068735748339435,48.73677557222579,337.23257786828555
25.473846877241733,66.17956150109909,432.2013956665618
31.15933946040657,70.58934555559247,333.92234265279217
33.32530924382073,48.314811480158326,349.7666268150146
30.279684691306024,51.210498723514995,302.52580855917654
33.85209084224902,77.21715697206488,307.11452320897746
28.492231632090167,59.50357221330722,113.36454845766374
32.116395999161774,47.50446040558746,203.02473939842258
27.39473611813162,63.82753365764023,404.9766442490468
20.69265516405426,41.37213261105276,435.78722640147635
23.92186286985348,70.02339208031263,476.66315707026314
28.576914424210123,43.86294608485111,167.54636147336961
20.17442251220174,65.72709261207176,484.7855453638586
23.610707508902518,54.958742833821816,149.44479292783396
28.569430624772004,70.0430488834767,325.44517421502565
28.077517015481,53.71956808809714,367.4450803191661
28.714200325515044,50.429668375843775,443.8263817374277
32.69566141863256,61.767030871354606,259.51472748371486
21.47543145607171,53.93397058833358,164.7863153500532
22.346380115576547,57.67976440389286,372.0168674597903
28.16922930952313,52.484875803265,312.0871195588146
30.547383471917456,58.2923107354507,203.96872979914372
32.47227195030886,60.423465749736344,156.63402719431286
28.782078001271856,75.59029660911833,431.7552889396394
20.821748840452667,73.64690591259837,486.87453527870815
33.48365845764231,71.58219182269535,463.3261984527651
32.219509288289146,59.29012277055737,178.51723842270837
22.599343297687962,76.7722929632106,319.25019158085905
20.21140523562702,41.945607305226254,216.58717029780354
23.532400424765463,56.25998419308488,217.7037371062068
34.04603108957365,73.02142050630209,489.89167209625566
30.98939717926095,54.616394551308005,105.78376631189985
26.954069767827757,71.55610748922413,214.4492458139296
26.982412316032928,60.61925300639887,434.88071717605993
25.536042781851176,46.25190488353033,154.16075787169237
30.78835236439895,55.00128947361765,137.803214000414
29.20667341040701,41.448446679329535,439.2110952503889
21.99014446031688,52.19447124770707,305.1062215130693
26.346699490113327,71.69903548639422,389.7112197505753
31.840171996297595,46.42747137209474,297.4522213400786
24.9428230927493,71.66892644083208,108.63842503593739
21.25587333370803,72.4956516706069,347.6051491326375
30.199280775971225,75.9006376766092,369.12384129793645
25.630032747329896,56.675763192915596,232.2556248574588
23.2663367919048,76.7182315191557,473.2980855282516
23.370727519261777,71.23235335521105,171.00387067197306
28.6371273437957,59.87398961186362,285.5022394505008
21.914472174696876,74.9908692779222,181.83295359099924
33.06138083629622,74.13062104684168,221.39806283667318
28.594283597193762,50.26010342374597,183.49724668925202
21.16110769743878,75.75982268910198,444.0586193034584
33.59401935708602,62.57734230224371,306.3370563238738
22.355772634988888,58.67718324137452,400.08279012017397
24.953228108356658,63.882603482424884,415.3841571855212
27.76797783663732,57.02357115302944,148.42243620715809
26.054683061627763,58.78335887168389,356.2199124142215
34.936848320624165,51.762474365390936,222.13224402449555
34.01527472619236,64.54898370452825,499.6252449705732
20.90860463071504,66.49415385832486,201.57124968211915
28.064013355359776,59.41901091406558,163.22850230771405
28.497395436806123,62.61474985239096,405.13921355719896
32.36364283124029,77.20189788860071,466.92508748682496
28.754125660464645,75.1998506509023,317.9839900716173
21.476246291559193,47.78522812891175,275.1339379156326
28.208199357201817,70.56054665916228,482.0738422044722
23.424305310942284,47.054434747519245,324.5770849128711
27.477624397800366,70.33467682773053,102.32492158055213
33.86059433687783,74.14340502057976,476.24505662304574
27.583968625827055,54.044155138787914,174.32817801702058
24.727256907951823,51.39258873575435,135.79718629357876
20.487554058741566,77.44098663229353,481.37786458988256
32.53784771088235,62.34542169559415,198.8676343094402
30.695847989241436,41.71375405907456,396.8800812746045
34.10620260346914,43.92173996021468,262.3603280892878
26.75627427312004,77.23579558840628,495.4889873884307
27.27232830632492,59.91377076803103,327.7831411734386
30.386256985970597,64.91731545025146,313.1342048013968
21.6586183163473,71.70226262628304,179.54491186575262
23.685756831324433,45.7836187606851,101.9799035032694
28.808026676107083,60.22315487129508,309.57149316930753
32.09953673229456,48.39556628059886,468.1949429129875
29.52159303051448,52.495150899568394,419.50742130597143
26.941372279423117,48.381707207752555,269.50270240494314
28.699919336691462,76.82532400078996,258.6225531443806
24.11025321232539,45.749935910825286,134.44836837265694
33.02558091450954,73.98013344651866,302.13200751323245
21.865163935853406,74.12292624542738,176.68336493274904
30.63070592770925,67.20642388739861,373.61532337670604
32.07056673650099,41.24132361596538,183.43083837493634
20.94243659715095,73.54091154172107,477.11847184337176
23.13081809698673,74.66838554805435,393.95356116733694
25.20965416636114,75.58810101609214,350.2023184195793
28.530962517921086,79.38214557729546,142.04541414759552
23.929766283554528,77.31237041304975,209.33163863648144
24.927620279578317,64.6470507037579,294.20983981871393
32.79907292927044,63.327235584098254,290.05487077069193
20.836876283039107,53.567252132145086,141.33031190709696
23.518908289070193,71.65693785315067,301.1627085230778
30.402224812307832,78.32759961799111,332.126705857885
33.479554998941715,40.903579562446794,420.1923230295325
28.163683241499008,55.94309759332607,189.4046215524727
27.46107660217098,74.98173664333007,333.6431467695382
32.22462466901289,62.23555379312084,141.35145413090834
27.842826543331018,73.34106008216551,228.12615183793028
25.556691793877278,55.57983572239251,461.9349561648575
25.022748146211804,68.63689533460581,315.43236386984483
20.5353077113091,40.90305927491285,398.90163892518143
30.575498555059816,41.42174025351385,201.78196427004056
33.335459039526974,47.12934105993971,175.48832248596594
22.532817926062133,63.878578306559454,230.84192300000646
28.878324731974196,61.11162046312843,461.22411721731504
27.514325040912123,65.33431877960676,114.88766577976328
28.27297474262786,54.99177461459026,432.4919666969202
31.69319037528361,75.64703334208625,143.5947924136832
28.19654072402631,57.32562873593817,302.05130470395227
32.243296531520215,40.647938169923414,238.16364626828732
27.601491948388265,53.583046980530625,261.19294538284106
32.69451160561732,47.827188672050916,231.8535552595499
25.581362540810332,59.06362910358248,432.4905159500378
23.030541161662143,49.40926088471818,378.87750509230375
21.77388093855898,64.05078552884332,486.3359005739079
33.99628154145688,76.13159191677906,190.7844260229123
27.36429203915535,56.84011384815311,347.4850556720764
34.74946026420394,41.903929589250424,310.56743462290484
27.153660733733798,46.660369775418026,259.20103720611735
22.98589153843149,77.8044888096193,200.09849625135155
29.494188007674833,41.87245250954909,179.53276339835824
29.37458081268743,79.59993851628552,252.80248103469498
22.7192660795523,68.6438333414945,205.58001268896678
30.028658509301195,60.5588029696944,150.05008897290097
33.28667020837099,50.538671319638084,226.69935776817036
21.260437106758175,64.04381301738272,326.88884358148255
32.0267668047135,64.60095357893591,153.5275554472764
20.71462274065673,56.38814330888199,165.03841824561815
33.038554231731545,64.60513420578285,371.7935124472004
24.43853718199589,59.61111413064904,296.2719939212042
27.070007628069494,44.02957314321437,197.22061167651543
30.438977032211163,52.2681735751839,168.81235462822778
29.427801256416256,74.14347186705746,243.21463242543584
31.46302514541087,76.06332868255785,479.07352095595513
20.303303797001867,57.17412351116431,482.36739927383076
31.071528001341157,66.24092915174255,251.45632696278474
25.8510179102121,75.86536146344388,221.7455929860451
33.30306084890304,56.476457330445406,129.54644178612256
31.94420001149535,42.3637879949576,301.02442664311894
30.35768057529259,44.28270521672126,460.09633442980163
25.08969868897663,40.104358063126334,176.50938118221254
23.698031981617973,65.60748058007975,223.60674557655207
20.893206502366272,43.535955676082196,145.5879701264597
20.474405667948123,46.3896508448244,367.25741641912435
25.118686979801353,79.12744555497173,495.9824247279657
23.16663983564128,55.477210977728184,121.63454546007895
24.19225608834673,76.6824759692538,216.59413322769905
32.16215323377192,48.48284723259675,395.48727748833153
24.171496625820204,63.99968784953022,102.74911262902515
29.03807324688205,42.02843225446688,282.45373319215366
30.074711283856143,62.40210238400397,417.6417780263688
31.82648197498482,59.26207026316709,350.2141407954977
33.073970639640365,73.8122149822364,440.19068446061505
24.17949051949024,47.356272207552294,282.70987551555356
34.65946833016739,70.48599930943035,177.98350214168548
23.601519110020618,75.15465260896546,149.0238633486273
23.128962572093418,50.93355372154176,125.39793945512736
31.100850032433037,62.54729202235976,129.43612546174444
27.563520532548313,43.45819039487689,433.97685294825317
33.430247055564415,46.42600380028865,101.06743092699664
20.883066160624107,65.94331203694524,302.66032673532794
28.42885149816186,54.473557244335,314.71129287398736
20.19031157027075,41.05898662856079,216.3666186565286
32.63730717164973,50.66806939953172,334.9129881899967
31.676260434026744,75.74511429832006,164.9782851321479
25.511870414425076,44.70672065250891,448.37011854721374
28.597281941086194,74.14950586094369,133.96664820346174
30.585443315893144,59.01429938675377,447.5277591235136
27.187394358582324,41.26661553354993,273.33131871379425
24.472381176077885,75.18732276942401,282.0000594128746
27.428359115919527,68.94101854632399,365.1090650866346
32.12356443949255,53.64337839693336,414.91380349517584
34.048829236011684,59.32805283544216,354.5649916094966
32.46250711717718,76.48918500232512,429.3645258656639
34.77107497574222,64.94357282434416,392.93864744409433
33.12335834808536,70.33562288356161,177.40616099046642
20.4465953398941,77.9164153266363,226.33471428206389
25.406468489267674,76.54029172394877,221.7420284531369
34.31472735031473,73.55536560379429,210.86693363637306
22.25328251048352,72.49655435697277,238.85094767267626
29.05210422070608,47.846191166591794,462.6844277969937
27.353700407580657,64.78528035932169,458.3545201662317
27.985254310375247,50.84861601520721,142.07670290657055
30.726808436469323,65.17248770952015,203.7210823439079
20.274561073411117,78.62610008682623,492.23064672324944
24.738341746871644,68.6165192259263,214.09992129821407
27.00589661497163,73.6682606823656,447.257322191299
31.331164731687597,77.66589864645158,167.58245613517352
27.976007340402163,45.36947558615273,267.91738637973845
22.50030042550267,57.94589289986953,495.21020353598544
30.037690620897575,62.47902223262987,190.5941342700542
24.358276854174747,56.01825790634276,467.9457391963911
30.62400019492357,52.10849827718026,471.26589945968436
26.224694777348038,54.56206313413068,184.04729412612602
32.2963656534287,57.26210047111289,285.48400335067237
27.297461250970816,71.61422477051539,216.13525286269808
31.12378978989715,78.13158382350967,190.6497754884058
33.243989668913365,79.18912556779983,364.57333912738716
30.773615935446408,73.9565323471878,494.77538574484777
33.63245375175781,59.330162332912145,129.53444182937815
34.702924762122564,72.0763906337563,186.5335300263563
20.105572225618186,72.53401314282624,469.1970021015187
29.95771780574009,51.6426634242425,323.74713224084223
29.968621696394273,45.250298874286344,338.77839339560524
23.458784534593168,70.31093784501138,389.52423828765114
34.118052534793776,58.56153009992215,382.54225989879933
32.819002370971134,78.41404511035859,335.64359264732576
23.546922056983107,55.44892775786374,395.4849812643131
20.695868018265333,76.38889953933544,123.29641121518308
24.566130905795394,46.14055718095312,481.7448683939353
27.249810001924697,48.281774496870895,490.42494809651316
28.42168773133598,50.68123797759393,436.76870080919235
33.99862375907151,60.960148634187036,387.6324886154085
34.34767901283423,55.76393028250426,191.06372584519943
32.584416850416595,48.56096042337092,227.45431448938126
20.305297090766533,48.60868460873056,445.70789538879546
24.68981295187558,51.251491082366115,434.73954600778984
32.28794123699562,75.67309381540815,171.78206000741955
24.5659229575918,44.342700215228255,131.71072052477274
20.991787891473543,47.35302249538897,168.06960303155734
26.927029332238366,64.8518438803115,316.3865561644015
31.733521068580917,47.28738203257659,384.76905392740986
27.28914408955054,68.26319400655339,454.8908959751102
20.524749738826564,77.92708313707557,352.842127834095
26.15990114421113,63.48081831020835,481.63054730902564
26.648832328873688,69.28385809370053,471.84139774065306
34.834372694385095,66.05781984683412,165.7214584997841
21.241222341581643,68.19271002949735,322.3415878465231
34.91236100094026,62.48497729229759,444.5600716440306
34.651308764747924,78.4142021066627,220.30237403936218
32.35423573109009,41.48632526761314,138.85908969047173
22.430585407844053,48.6830437918898,475.3194107838711
30.20614048394296,77.94320416833406,139.71538495361878
22.837463049677613,49.06116522490092,336.5251499905423
30.13372264273428,43.54495746687632,356.89936014572214
20.485803641922807,72.73444917233331,202.3331892898707
23.176492487470167,41.11924213114483,223.66513376685936
34.75485625116091,75.35894141551292,181.38474213720147
26.54814939904702,55.144956861467136,418.2748124064715
23.696982414763895,60.67927739615801,103.20642642501659
21.95718270211837,47.1099723877337,423.43383061577805
27.683447009476662,42.50170831662216,245.85507661955583
34.85659363504623,70.037306233893,113.2981381739492
26.66336919105902,40.90336075509208,468.3124425679288
20.135835890583348,46.58011281172082,132.7415534615265
23.309190534963697,69.21454961051434,474.61953803236304
29.196452761211113,47.71555328693854,110.01513941943162
33.93918157312082,52.4741052346359,298.74829034599804
32.25246111925722,71.94095678311622,114.75722619531439
22.861998640423568,50.645521916685745,430.5210700140566
24.721512634492495,70.33512722129979,108.67058073878142
23.885177158412915,78.40332052596173,340.16119492022233
34.2325259189144,72.18595777176024,211.962739861284
21.29809173862038,52.385235868585966,347.3644634048073
29.911159399936214,53.17387508920755,443.177894290086
23.637995316860096,48.63575446857007,445.65520782427825
28.733596803429013,61.44920947121676,224.17985919646753
27.884417643633206,48.9851252935527,417.78287963684926
28.515709000788867,62.91609601316276,228.9721989399343
20.610442944627664,67.41574095838111,486.2302147905405
23.49749632271287,67.13002030212272,386.95469647910636
28.407673895093346,49.490069395723275,350.2602374450952
34.72743665843984,52.747900488096114,327.60837482424614
21.24259566922532,75.63531652106622,342.6051751209596
29.393304410709746,69.76218023255468,410.7010434787742
30.580585176328782,51.56278732773166,159.2087433716422
30.193222140617117,56.73970217985166,456.67674954078353
20.833476338681134,52.64245394826328,202.99628150028232
26.643840687694855,40.964313672069956,450.64214838883487
25.11659761213547,78.44873870285794,194.30626989093938
23.441652730884186,50.00581090670118,204.79881899526066
30.351897232557906,54.01148790262028,400.4415865831841
26.456756962125347,66.46598574749335,466.55456565966
28.221654094415168,76.30521866640571,364.4880504398133
26.642964154747474,57.520612934409144,404.5992408571191
21.28228857110558,44.863048364839415,224.78204145321544
23.766480960070453,47.08011747886188,259.3900290907783
30.405641092326878,43.724299588639994,403.8693284213751
27.334448324343374,52.4273357744088,254.71302552608947
29.93331994027344,62.14004647221665,284.95899201997287
30.25042773527375,60.61997780440077,226.54419725538725
24.550146696551856,40.58379877943669,206.5953846736719
21.100151197033284,67.85759106045528,253.28719679914587
31.384421308160334,57.35848089675101,385.7013719427862
24.664612081257772,72.76346449595238,172.182713648081
31.28993139345749,48.56206209287044,219.06683559911863
31.54873088280387,79.81945205761969,333.37105663387683
22.212488088547357,43.27416788141757,180.19649115275814
33.244325758408614,69.67711236941004,146.18859556403322
33.744640707388825,70.09040962790743,459.52011407761086
21.891860700679736,58.055854702076985,281.2061002502621
22.907264844057664,78.06958752045144,170.6738031020739
29.123539292788497,42.51623009901142,437.2693540476388
34.930433349362666,50.21311043521982,209.8967922189489
33.33651074586673,52.299719438751794,297.3270195127036
28.785693756774705,56.525875091465885,372.5872042019942
24.87445309718822,45.86792527756825,499.9620484752302
26.98315901730337,68.29858776927753,120.19492635933587
27.321965770388346,73.0924214915542,299.4798555651222
31.39020478091787,59.018309894210134,262.6131653494853
21.95338012257298,41.479712712551795,461.5349188736693
33.75800857731012,46.02854488345395,190.45585936001257
20.661020621997032,58.81947408469364,364.0247220084146
32.91443381650746,44.62079872247303,439.13473038803926
32.4913888428745,57.86118169960253,351.1583637231883
28.59641442653361,57.511461824175505,137.70324581351642
29.63293711825622,46.15033960905253,274.3382166718723
31.821449522843203,69.00072332883455,114.75630162540229
31.127127025400092,72.98335345444391,246.48873285438273
25.461376860128137,41.504482929600975,440.6995037973051
32.57408124794556,60.6267810855032,236.71271307489633
34.41016822543343,57.290015883723015,491.02454498248716
34.40802029355952,72.73052985374262,412.83806650967125
32.56785567657576,79.439617951875,354.4104476281178
30.189145059257324,73.58308159405034,418.57442806466264
30.161522419925614,60.166524317769145,492.8868537421763
31.495748196717948,79.36065493425862,270.2687465610636
29.80743741258929,60.671417049026445,178.67687105312186
30.736601825958054,40.764554416400046,475.13029537054837
34.59904992906603,77.27633306329558,445.1416137913027
24.58148665582235,45.55456762338219,422.97047381717283
21.18352596298686,51.784641304438345,248.67059812388413
34.37905425187178,60.1048748000412,487.3518608043519
20.824884892120767,57.78281820379404,475.73935485920845
21.454194145208607,40.42669649333905,252.144694347826
22.33035739230055,48.85418465791289,231.98064628882778
33.65420186097972,66.73004409085594,379.42643070500895
25.640145899630802,72.80278844827346,203.29817358572257
28.903933197753958,65.78083150247848,239.04196558675457
28.53044813793932,41.15202863242704,382.39795002069394
31.26363995885076,56.91617507013366,295.91107417523676
20.66879362049913,67.3434569544946,390.1435484234855
33.49130518431157,77.2222491043506,484.1033072030181
26.166656774675452,63.23997289552188,230.35275559459686
28.89631018852683,61.81459560242659,239.211371381685
31.642865029410217,77.54866168410892,486.3411953814166
33.55916020948,54.10540377935408,489.22171865975963
21.46338525887024,45.88046282545681,210.44371172805177
23.647938310689145,58.996732697617176,138.59757731025047
33.12892884836043,42.71087343092564,285.79616320058324
31.536647230310244,77.26377044024122,168.27225612706442
20.532891890657616,68.50224374529336,499.0055783583823
23.333636549211885,68.47750374008444,314.1341864319144
30.344901865771423,60.965660792696085,248.3745778256086
26.157847633822886,53.82799942950503,361.3152082934309
27.02865087779883,73.50205687648129,217.34345446873417
27.263519126941535,53.42777717718065,296.26672540211814
30.23330055417956,76.72325448573957,250.07422106270744
20.632728831404126,68.67616928125611,281.11912757432526
22.01505282547108,52.6599262216206,106.97754264135963
34.30662579916982,63.39495067956631,195.5140969506021
27.776001092541637,43.97314405615981,278.588565297081
24.903617909428252,67.98889755739226,435.07213608128114
33.98049196020332,67.25126222732804,332.7170277557955
20.926604767861967,49.910420222228815,363.9444284621471
22.403432311161772,52.716198489380105,147.64689496623808
28.985993211240647,68.96371846102852,304.9078710045853
29.543029502237125,65.98952596253598,377.69697916320894
34.24571575546972,55.91356604533865,465.50956990116765
25.293871897708527,78.39845613412997,475.0562304818072
20.4105916156315,54.906946656249275,476.22429408567285
32.19168010957296,68.54802556959186,278.62285198270126
22.88658224224889,76.11065422852961,232.9395309478997
34.28508603185964,53.369848388340614,305.6786370828887
26.628197750646933,51.873198731426946,300.7938145910351
21.86327896575084,64.50789727271486,251.85958039655333
31.284093123595706,41.70077864074876,275.4829642591652
25.830155968286192,74.44014325906615,226.51653083811624
31.642406744434346,63.52810024253341,158.97620843250712
34.487837137306876,77.33542661031383,328.2620756310865
23.215281259377306,54.42079504796021,225.36552251935493
22.697770514698814,42.869508477639194,478.01043869747207
20.999087982726437,54.94268071335349,416.19275687451415
28.095679385934638,43.9127045228029,157.02700902594978
34.39179360023053,42.195488423370165,228.2010200207631
33.92916203888508,43.578554841239296,166.35718864336337
34.516477109350845,63.12693693064505,343.85387428981755
25.972546336774695,51.64128594818728,214.7185983674346
30.755216837063394,61.410627531572324,102.03877152573648
24.269973960405913,42.13785509002904,453.972860902413
30.094909988898692,63.63444479373931,344.09629682429255
32.26300932104241,60.988010586499534,137.48251072989422
30.35287267060943,71.45115678848835,484.41813445388385
29.30954195008758,62.34324129330759,387.269507790611
24.504940126384398,73.1158323412726,233.5394433766735
34.62559407211748,68.07621472374426,475.42117042382233
32.464855183622035,77.41582270396462,116.85719905730703
34.64976573157078,57.20293161043714,405.270925871294
27.150762276249537,78.49783131563143,265.13457708900836
30.252345370619395,77.89811947233244,138.84831080956857
30.885472200620555,73.54828028364092,333.39570057735847
25.830534262089053,56.210439942516444,280.62789598724237
33.48885964466226,60.358029736144864,303.2653125571576
20.368289986082495,61.90072890538637,374.12428710267847
24.29868127137986,63.758649143723275,205.28975488399345
24.351030069722313,54.496417638965646,363.72260530178215
30.844819202802523,52.726246555273974,164.46020050741305
24.66729962170418,72.78346518586937,471.71476073604083
22.889384822816528,53.25511095103661,465.86406486064396
27.544258119960332,55.0541390218963,173.32482986257847
21.04455108775278,65.36579400207853,215.46431449789569
20.55558107968072,76.62817260772266,327.3253993633929
34.05882958809149,78.19588354324569,439.3022335413326
22.788809552680753,48.67858523631528,155.35437296162132
26.202698410666823,69.62112784353228,244.79770571478153
32.00137002697191,78.31378307028383,252.5709801923116
28.912859502492488,43.397446482486735,326.66825079329436
21.99412971674743,70.63238857851167,250.25509215639198
32.74605719532813,56.15260640923098,132.44702022191416
27.728261274405586,51.83060321667293,495.47444010508457
32.35005553673131,45.43372480309027,456.69726042394296
24.581546478063824,55.75915820866188,251.03553034941845
25.81033320766551,51.0896036929964,365.41597763829066
28.943803054438924,77.24317410419437,181.7778629007761
26.02485908102013,59.535041808798475,135.1978368424725
34.5471583404745,62.60597043671028,126.19617130905509
31.595465238034457,66.24148263369639,330.14685029812125
20.904609809897604,55.73876990052189,170.89390359926733
27.517939264495574,42.715842657843965,173.91214331210202
23.157930819954487,51.07326848433469,112.09700858525453
22.957611389947832,48.17334391266002,134.3551566116486
30.218137877538094,55.485368191909785,144.61186311732632
25.08428934257191,67.13386293761253,410.68131178012305
27.208899496344184,72.25028229961717,277.63073940116965
30.283747654369783,74.48629301091597,392.9680646872939
26.83899524452094,44.46721023800853,251.52612024023622
33.76095307165532,75.90126454015588,133.1131590918955
23.343941204577433,48.442863465400876,138.7714095933387
22.154137954523392,54.072547563948184,434.01055126038744
34.591667707001385,64.69686042882488,213.69371883958928
21.1784865169879,53.321796359055895,184.98481435649845
34.46949993241461,60.59677986279009,259.14339084139743
27.815097591226422,46.80666189389501,410.4856590534585
31.86378003191464,60.30244330274399,102.1369827780958
30.44070667274519,58.16013768357704,481.86616788838666
24.96917933407349,55.50313039023443,376.1677435499847
31.43469345631108,75.1532334662389,151.87592028324187
25.938481764365353,76.10760846954747,297.3453144995573
34.02085594526073,42.91658572663886,155.89833547063486
34.45919721218708,63.97577515908815,224.5701346291307
34.74981154896513,70.87700836332002,381.5063546824917
31.444253265411614,67.1445992191232,220.14886809022514
29.748107827427415,43.32976631647759,487.05779732163404
31.334213439284337,48.28016442898786,114.27804301039619
27.276590190672422,66.17009526978026,486.2403162515423
26.86646314732833,62.026638848546725,170.86947186126724
28.6200680730042,69.95384342930265,253.6804048175172
32.293927308626074,41.406742761353115,332.2458792921921
31.008829740055454,48.49169232882432,427.3598564509449
22.94283023624767,44.26704015399822,190.924772851422
25.460528428019995,72.45166024097571,133.40486825092208
30.018488563360663,73.62057641353083,352.5842711360599
22.015516346975428,66.44168471699531,294.3985721634039
20.338355493472374,48.448538312542475,351.7727286137623
29.396283467947192,56.9821302954962,108.887310487507
34.94813234367462,66.83201294225326,224.73174926585466
23.364327525905175,79.65023439300698,398.2048922318633
29.344701867457783,64.45528512435087,309.7989736500656
25.113864106549357,51.675214761510496,210.96200516110275
23.88682337981492,57.92310534464955,197.09734765230903
34.089856616459464,46.26767366564884,236.61365171064972
26.905097510381655,59.146928204607995,497.79702930035614
24.30241003944994,75.60838832730464,222.06276330243773
25.380547829474914,64.31981380605214,432.02461848572824
30.539191975170336,49.41843441567713,432.4555539498959
20.638737961300198,48.114974406147475,437.2697640440092
34.102814074774344,69.13799624192468,182.24539597975945
22.546387701713975,47.91081919432902,297.6091135085853
32.696314601392324,62.517229893069064,427.89986532571453
29.58846718719972,73.35971106288244,336.10122439177565
31.79518582137244,45.82183145083175,368.8610926021378
21.730017282349213,46.906134039354505,421.84708719255883
33.892922049494516,74.17667258786146,286.41890742496446
23.48611223428217,41.12548034684069,259.11260809249137
26.576913396754673,79.36446225653556,318.70256893042995
32.174118752516456,66.50606536563794,287.5735265748581
23.82919190815291,61.43257095575916,293.6028513851365
27.52107613050169,58.06127515389241,222.0394512063612
21.482527042521614,68.12030882844918,260.3972082334034
20.444151764245042,73.15554064400398,143.56867725346154
33.76881451808336,64.64627267984307,394.8145725632424
33.24654869878766,45.96111105293947,364.8001613845234
22.005171807188216,49.52717938580805,404.54850604961524
22.02117555793653,77.24133696381372,485.4549062310719
30.218165296118116,41.962390522176655,413.9108322122775
31.582245884337908,42.638796256508584,235.91051997500765
28.838165386093632,51.43502904923246,254.309433132186
31.06630947962228,65.59890267261157,123.63349006820874
20.131243385384323,49.291596013906215,125.22193313591777
27.570839809351213,47.51263555695007,179.4381089862958
30.88572635570215,44.49995002730085,192.5309188219209
28.822106573275168,44.4183620538561,358.96355539532294
27.722451870984482,48.47886732735231,488.0093583419957
29.531467916132428,44.55418287326935,445.1768380234854
29.197675032508013,62.10671872520685,199.999686466415
28.359609066701573,55.777270619612985,187.6875010590077
31.120581951124002,78.34626851963921,218.15586940495484
24.21800080776391,57.57713067426061,382.85984906271943
23.557802391679676,72.08874129304142,447.6875429629559
20.019444613710792,69.46720726636175,415.35811649884226
26.09940132528384,64.64621836102972,173.60231689467304
24.351698372876864,62.310458033831054,343.60443248166837
25.735358908660228,51.720432588353574,381.31424481375416
31.276360293711406,63.27229364915408,456.70290002380136
26.315798527114232,63.46651717123113,273.00120709687945
24.086791807388543,62.97263401115438,413.2591720140355
24.28766188864671,54.32859958253938,280.9436589649008
24.272804679247532,50.11448809113312,385.19818953710194
33.37312212989955,57.163786175317576,359.9377434264779
34.659619584393795,56.51029819531145,340.90297325473335
26.035948803686363,52.827197758168396,104.82430290767044
23.950825862047203,49.39726574705168,134.44895221117844
26.52431113992376,66.00419758028943,268.5218512395892
34.6792625449904,57.768675499829236,394.7243993233578
26.449884594557485,46.649398308761235,357.7960026937972
24.970480061391928,77.18527704935501,194.9306690134844
24.882980989520235,43.661703197474054,233.7894190565559
32.54831228083474,47.94077559498837,147.826748361003
27.915466142746304,67.88785167526866,316.6554496555074
26.631490760850415,69.75209300994145,447.8502299599642
22.324516150230803,58.07288937405222,121.3103780612967
29.601434908067468,74.3938572678282,308.3226298591894
26.05294984090538,42.75673208598298,264.81866372516515
25.18270318647306,76.17289280347511,444.8636073981858
27.149691708697038,42.21088518938768,357.3717945495524
34.247728511866036,61.51472107528738,367.4085806506092
33.49318004261871,47.11576332706372,334.54827518756053
31.284598560439427,71.68248476706461,247.89083288977585
31.95331235738856,62.53410549621384,318.19850079690195
22.43817208244851,60.267126583933,414.3925795238142
28.591492168205885,59.821810455765245,276.26913228929067
28.280783488421847,43.93709581457777,213.51158182764686
22.16545174040985,42.52493347645975,167.54785764984788
20.830560650987287,57.634870241565984,232.99491029231945
34.93944020786354,59.037777402711725,469.85682177480356
27.142300850856913,45.3271236120256,367.11557527991744
24.41275694863217,75.75180332095724,154.5745596577749
34.47050165556182,55.55239667545329,427.54461439670683
20.49904303774361,69.92718314622677,131.79681916887412
27.600501475735022,78.21865073968722,230.01201522613547
33.67030141235992,64.77684522088398,277.7140437291754
28.260398156572535,42.095332114109524,104.92743940872744
27.874579160272365,55.60348697773365,238.69049456079935
27.550421372733023,78.34888897638375,232.72749781100387
33.78687733872287,77.5699183602278,412.03098631130837
28.07144202332559,52.374024701564124,315.49354334564424
31.75651596717789,64.48825625929659,380.51422769351404
23.3865748559913,41.056147326822355,268.47270372042686
28.963323678632314,45.537242449742685,418.36407586968863
34.213437503298834,74.59776921378707,430.0046913968259
20.031905887198473,77.79727882491397,274.1450058321241
30.725978602209427,60.70690374873586,323.9945756109356
31.706330060706808,47.266987956784774,440.6114248464701
31.403831316498913,40.57046987913119,479.55575083745845
21.657350776497704,79.2433407325633,185.84689808964248
30.297038377278607,74.93202050369935,396.54289744270517
26.39601331056925,71.56814235635635,100.06315148034241
32.65281284373968,53.35511024428757,437.8763336432823
26.528380942057815,41.70787115538209,288.6434156779104
30.647035091971834,72.04350364612398,274.10959388565766
25.786476429015497,46.42010875139842,295.6933047148416
33.078109912692994,71.71393360394353,392.0386930695561
32.06759684091135,67.38399324640145,120.95064635823367
28.74516388621649,57.70508092172043,144.77824752498773
21.43264878389914,41.04154490995053,268.4061408547044
27.794361658938005,50.09594873075541,482.51727616040614
23.66168734702904,65.83101806759835,136.45172233223386
23.589415271537607,72.69908047150932,461.68834310662305
32.04057473598009,71.93644586701237,101.75518663818006
33.938266278957535,52.85406576416951,232.6503442845325
32.98782495437623,57.515018411967105,396.4088551768483
23.44804078520122,48.805807082410524,227.2755903229167
28.07334235690016,70.6772468291258,299.15584016423554
21.3070902309803,59.8546755637445,398.2840421578615
30.930080998385005,71.03025433419495,227.7549981859077
28.56164269145579,77.53598573704524,479.6365712635594
26.702377731324752,52.33285439193309,434.150681715484
22.34887542057097,76.4023060332165,380.1967326611015
34.396280426050254,40.74828562087742,112.62745316051435
32.00704454811129,69.14280493530804,117.25964962664897
22.07422560571355,62.253998467295176,127.15910352703719
31.374637130324484,54.09904058146686,127.54801888569811
26.074124680736357,45.31950277706544,222.54066071392344
25.683418848336224,71.23946843169776,150.05462378635025
27.400027081520527,72.09530880247618,388.9416788678438
33.10311412105968,55.17728701685707,105.09944898057633
29.67231663668446,43.715018849359225,320.63745399993815
25.457410864464574,62.67974794537557,214.0820567360439
22.2017351769765,50.61096909927614,392.80963354365593
30.834029550138535,60.1943758121014,480.8315524181082
20.091827972967597,54.96131633896361,476.0206034224484
